,url
0,https://image.msscdn.net/data/estimate/685185_0/gallery_5fb90671f2a85.jpg.list
1,https://image.msscdn.net/data/estimate/685185_0/gallery_5f87a25ea49c8.jpg.list
2,https://image.msscdn.net/data/estimate/685185_0/gallery_5fb2528a748df.jpg.list
3,https://image.msscdn.net/data/estimate/685185_0/gallery_5f82d6464b0aa.jpg.list
4,https://image.msscdn.net/data/estimate/685185_0/gallery_5fb887969634c.jpg.list
5,https://image.msscdn.net/data/estimate/685185_0/gallery_5f79d98cdaffa.jpg.list
6,https://image.msscdn.net/data/estimate/685185_0/gallery_603310bcec029.jpg.list
7,https://image.msscdn.net/data/estimate/685185_0/gallery_5fa7878e2d820.jpg.list
8,https://image.msscdn.net/data/estimate/685185_0/gallery_5fbf11bf35545.jpg.list
9,https://image.msscdn.net/data/estimate/685185_0/gallery_5f8bb7114e3c0.jpg.list
10,https://image.msscdn.net/data/estimate/685185_0/gallery_60e3b368ec90f.jpg.list
11,https://image.msscdn.net/data/estimate/685185_0/gallery_60667884acc46.jpg.list
12,https://image.msscdn.net/data/estimate/685185_0/gallery_60979150c2c16.jpg.list
13,https://image.msscdn.net/data/estimate/685185_0/gallery_5f7bd8ec8fa44.jpg.list
14,https://image.msscdn.net/data/estimate/685185_0/gallery_5fa32891969ae.jpg.list
15,https://image.msscdn.net/data/estimate/685185_0/gallery_6062cf291a341.jpg.list
16,https://image.msscdn.net/data/estimate/685185_0/gallery_60098c4031488.jpg.list
17,https://image.msscdn.net/data/estimate/685185_0/gallery_5fbb00745c27a.jpg.list
18,https://image.msscdn.net/data/estimate/685185_0/gallery_5feb57c3d72e4.jpg.list
19,https://image.msscdn.net/data/estimate/685185_0/gallery_5f66bf113187c.jpg.list
20,https://image.msscdn.net/data/estimate/685185_0/gallery_610810380afb2.jpg.list
21,https://image.msscdn.net/data/estimate/685185_0/gallery_60bd7aff3c2aa.jpg.list
22,https://image.msscdn.net/data/estimate/685185_0/gallery_5fbb3aa082bf4.jpg.list
23,https://image.msscdn.net/data/estimate/685185_0/gallery_5f90215335d78.jpg.list
24,https://image.msscdn.net/data/estimate/685185_0/gallery_603e70bcdd065.jpg.list
25,https://image.msscdn.net/data/estimate/685185_0/gallery_608bd8c9cf773.jpg.list
26,https://image.msscdn.net/data/estimate/685185_0/gallery_604606c50c2c1.jpg.list
27,https://image.msscdn.net/data/estimate/685185_0/gallery_6021cb8004832.jpg.list
28,https://image.msscdn.net/data/estimate/685185_0/gallery_5f9d0ec8480c2.jpg.list
29,https://image.msscdn.net/data/estimate/685185_0/gallery_6034c712ae2a1.jpg.list
30,https://image.msscdn.net/data/estimate/685185_0/gallery_5fc754a6a89a2.jpg.list
31,https://image.msscdn.net/data/estimate/685185_0/gallery_5f8868f40f841.jpg.list
32,https://image.msscdn.net/data/estimate/685185_0/gallery_5f843d1eab147.jpg.list
33,https://image.msscdn.net/data/estimate/685185_0/gallery_601d8e175f02c.jpg.list
34,https://image.msscdn.net/data/estimate/685185_0/gallery_5f51fdb9182c9.jpg.list
35,https://image.msscdn.net/data/estimate/685185_0/gallery_600da197482eb.jpg.list
36,https://image.msscdn.net/data/estimate/685185_0/gallery_5fb3badc2ac97.jpg.list
37,https://image.msscdn.net/data/estimate/685185_0/gallery_5f8058162f7a3.jpg.list
38,https://image.msscdn.net/data/estimate/685185_0/gallery_5fff0e96788b2.jpg.list
39,https://image.msscdn.net/data/estimate/685185_0/gallery_5fbca11ee975d.jpg.list
40,https://image.msscdn.net/data/estimate/685185_0/gallery_5fe776d1a6b2d.jpg.list
41,https://image.msscdn.net/data/estimate/685186_0/gallery_5f694c524ae5b.jpg.list
42,https://image.msscdn.net/data/estimate/685185_0/gallery_6014ceff8bc59.jpg.list
43,https://image.msscdn.net/data/estimate/685185_0/gallery_60169cd073cfc.jpg.list
44,https://image.msscdn.net/data/estimate/685185_0/gallery_5f7c2426c98af.jpg.list
45,https://image.msscdn.net/data/estimate/685185_0/gallery_5fe00e76c6915.jpg.list
46,https://image.msscdn.net/data/estimate/685185_0/gallery_6061d2440756c.jpg.list
47,https://image.msscdn.net/data/estimate/685185_0/gallery_5fd457df9a057.jpg.list
48,https://image.msscdn.net/data/estimate/685185_0/gallery_5fdb6c3312057.jpg.list
49,https://image.msscdn.net/data/estimate/685185_0/gallery_5fd195fa00be4.jpg.list
50,https://image.msscdn.net/data/estimate/685185_0/gallery_5fd768cd0989c.jpg.list
51,https://image.msscdn.net/data/estimate/685185_0/gallery_5fd4140f3868c.jpg.list
52,https://image.msscdn.net/data/estimate/685185_0/gallery_60fc3f699dc9b.jpg.list
53,https://image.msscdn.net/data/estimate/685185_0/gallery_601f7e5ccf897.jpg.list
54,https://image.msscdn.net/data/estimate/685185_0/gallery_5fb0244a3c337.jpg.list
55,https://image.msscdn.net/data/estimate/685185_0/gallery_6083e0fbe04ae.jpg.list
56,https://image.msscdn.net/data/estimate/685185_0/gallery_601f5c5ca80d4.jpg.list
57,https://image.msscdn.net/data/estimate/685185_0/gallery_6010d371edca0.jpg.list
58,https://image.msscdn.net/data/estimate/685185_0/gallery_5fc4a59c50ad4.jpg.list
59,https://image.msscdn.net/data/estimate/685185_0/gallery_5fb4dda7a4422.jpg.list
60,https://image.msscdn.net/data/estimate/685185_0/gallery_5f841a84035f3.jpg.list
61,https://image.msscdn.net/data/estimate/685185_0/gallery_5fb3cdc9d22f5.jpg.list
62,https://image.msscdn.net/data/estimate/685185_0/gallery_5f9041e7d6c40.jpg.list
63,https://image.msscdn.net/data/estimate/685185_0/gallery_607cc93389932.jpg.list
64,https://image.msscdn.net/data/estimate/685185_0/gallery_6070de9fc7cef.jpg.list
65,https://image.msscdn.net/data/estimate/685185_0/gallery_5fa15d558f964.jpg.list
66,https://image.msscdn.net/data/estimate/685185_0/gallery_5f882b8399dfd.jpg.list
67,https://image.msscdn.net/data/estimate/685185_0/gallery_5fcf3f8651a0d.jpg.list
68,https://image.msscdn.net/data/estimate/685185_0/gallery_5fdb028058fe2.jpg.list
69,https://image.msscdn.net/data/estimate/685185_0/gallery_5ff82eab5cb2f.jpg.list
70,https://image.msscdn.net/data/estimate/685185_0/gallery_5f521a68b9fd1.jpg.list
71,https://image.msscdn.net/data/estimate/685185_0/gallery_5f75149cd353f.jpg.list
72,https://image.msscdn.net/data/estimate/685185_0/gallery_6037bc5592544.jpg.list
73,https://image.msscdn.net/data/estimate/685185_0/gallery_600ade71107cb.jpg.list
74,https://image.msscdn.net/data/estimate/685185_0/gallery_5fc1f3145f8a4.jpg.list
75,https://image.msscdn.net/data/estimate/685185_0/gallery_6022913312437.jpg.list
76,https://image.msscdn.net/data/estimate/685185_0/gallery_5fc8ed7091fef.jpg.list
77,https://image.msscdn.net/data/estimate/685185_0/gallery_5f8d52b6c4143.jpg.list
78,https://image.msscdn.net/data/estimate/685185_0/gallery_5f8ecde062b5a.jpg.list
79,https://image.msscdn.net/data/estimate/685185_0/gallery_5f968124125b1.jpg.list
80,https://image.msscdn.net/data/estimate/685185_0/gallery_6078024390ea6.jpg.list
81,https://image.msscdn.net/data/estimate/685185_0/gallery_6024f86d4607b.jpg.list
82,https://image.msscdn.net/data/estimate/685185_0/gallery_606eff44b5c0d.jpg.list
83,https://image.msscdn.net/data/estimate/685185_0/gallery_5ffd5744e92fe.jpg.list
84,https://image.msscdn.net/data/estimate/685185_0/gallery_5ffd55222f49d.jpg.list
85,https://image.msscdn.net/data/estimate/685185_0/gallery_5fc9ac80494bf.jpg.list
86,https://image.msscdn.net/data/estimate/685185_0/gallery_6036452b750ff.jpg.list
87,https://image.msscdn.net/data/estimate/685185_0/gallery_60780fa6eb6a1.jpg.list
88,https://image.msscdn.net/data/estimate/685185_0/gallery_5fce20385f41d.jpg.list
89,https://image.msscdn.net/data/estimate/685185_0/gallery_606e62a709dd7.jpg.list
90,https://image.msscdn.net/data/estimate/685185_0/gallery_5fc2236100d85.jpg.list
91,https://image.msscdn.net/data/estimate/685185_0/gallery_5fbb9299b2504.jpg.list
92,https://image.msscdn.net/data/estimate/685185_0/gallery_5f608915ce738.jpg.list
93,https://image.msscdn.net/data/estimate/685185_0/gallery_5fb4a5763b4c1.jpg.list
94,https://image.msscdn.net/data/estimate/685185_0/gallery_601fbf24bcea3.jpg.list
95,https://image.msscdn.net/data/estimate/685185_0/gallery_60226790c3e80.jpg.list
96,https://image.msscdn.net/data/estimate/685185_0/gallery_5fe6ca1d30354.jpg.list
97,https://image.msscdn.net/data/estimate/685185_0/gallery_6108dd933a1e0.jpg.list
98,https://image.msscdn.net/data/estimate/685185_0/gallery_609bdce071010.jpg.list
99,https://image.msscdn.net/data/estimate/685185_0/gallery_60cff7bf15aa8.jpg.list
100,https://image.msscdn.net/data/estimate/685185_0/gallery_60744ef100d85.jpg.list
101,https://image.msscdn.net/data/estimate/685185_0/gallery_602bc71fe519e.jpg.list
102,https://image.msscdn.net/data/estimate/685185_0/gallery_604c0c28de989.jpg.list
103,https://image.msscdn.net/data/estimate/685185_0/gallery_6027a0351169a.jpg.list
104,https://image.msscdn.net/data/estimate/685185_0/gallery_5fe9f61a255c4.jpg.list
105,https://image.msscdn.net/data/estimate/685185_0/gallery_5f95289a3ebaf.jpg.list
106,https://image.msscdn.net/data/estimate/685185_0/gallery_5f8be66554c90.jpg.list
107,https://image.msscdn.net/data/estimate/685185_0/gallery_606051232f09d.jpg.list
108,https://image.msscdn.net/data/estimate/685185_0/gallery_604f1bce89a57.jpg.list
109,https://image.msscdn.net/data/estimate/685185_0/gallery_5fbe691381ba7.jpg.list
110,https://image.msscdn.net/data/estimate/685185_0/gallery_603affa544f24.jpg.list
111,https://image.msscdn.net/data/estimate/685185_0/gallery_60214094125ff.jpg.list
112,https://image.msscdn.net/data/estimate/685185_0/gallery_604a293356715.jpg.list
113,https://image.msscdn.net/data/estimate/685185_0/gallery_5fb8d4677c7f7.jpg.list
114,https://image.msscdn.net/data/estimate/685185_0/gallery_5f96b4651d2df.jpg.list
115,https://image.msscdn.net/data/estimate/685185_0/gallery_5f842be3d6fc0.jpg.list
116,https://image.msscdn.net/data/estimate/685185_0/gallery_60468d0592ace.jpg.list
117,https://image.msscdn.net/data/estimate/685185_0/gallery_5f5d63a1a7daf.jpg.list
118,https://image.msscdn.net/data/estimate/685185_0/gallery_60eea80b4047f.jpg.list
119,https://image.msscdn.net/data/estimate/685185_0/gallery_60d3286a35485.jpg.list
120,https://image.msscdn.net/data/estimate/685185_0/gallery_5fa27b7eae523.jpg.list
121,https://image.msscdn.net/data/estimate/685185_0/gallery_60609a9e27cdc.jpg.list
122,https://image.msscdn.net/data/estimate/685185_0/gallery_61013c9d10369.jpg.list
123,https://image.msscdn.net/data/estimate/685185_0/gallery_609a603c69b85.jpg.list
124,https://image.msscdn.net/data/estimate/685185_0/gallery_60498dbe5346d.jpg.list
125,https://image.msscdn.net/data/estimate/685185_0/gallery_5fb951315a850.jpg.list
126,https://image.msscdn.net/data/estimate/685185_0/gallery_5f69e7f57938f.jpg.list
127,https://image.msscdn.net/data/estimate/685185_0/gallery_605c42ad442e9.jpg.list
128,https://image.msscdn.net/data/estimate/685185_0/gallery_5fd41b9b06a11.jpg.list
129,https://image.msscdn.net/data/estimate/685185_0/gallery_6073f570325fe.jpg.list
130,https://image.msscdn.net/data/estimate/685185_0/gallery_5fc9cedd06450.jpg.list
131,https://image.msscdn.net/data/estimate/685185_0/gallery_6086d5f45bc17.jpg.list
132,https://image.msscdn.net/data/estimate/685185_0/gallery_5fd339f00d8fc.jpg.list
133,https://image.msscdn.net/data/estimate/685185_0/gallery_60d0088c66e4a.jpg.list
134,https://image.msscdn.net/data/estimate/685185_0/gallery_5fd741c4de315.jpg.list
135,https://image.msscdn.net/data/estimate/685185_0/gallery_60280ffd66dc0.jpg.list
136,https://image.msscdn.net/data/estimate/685185_0/gallery_5fd9937ec300e.jpg.list
137,https://image.msscdn.net/data/estimate/685185_0/gallery_5f97673f82136.jpg.list
138,https://image.msscdn.net/data/estimate/685185_0/gallery_5f804beba0a59.jpg.list
139,https://image.msscdn.net/data/estimate/685185_0/gallery_600c19a80108b.jpg.list
140,https://image.msscdn.net/data/estimate/685185_0/gallery_60b072501479f.jpg.list
141,https://image.msscdn.net/data/estimate/685185_0/gallery_609df6b52fdb8.jpg.list
142,https://image.msscdn.net/data/estimate/685185_0/gallery_5f69dd316be54.jpg.list
143,https://image.msscdn.net/data/estimate/685185_0/gallery_605f159f985cd.jpg.list
144,https://image.msscdn.net/data/estimate/685185_0/gallery_5f5c6b78d5420.jpg.list
145,https://image.msscdn.net/data/estimate/685185_0/gallery_6074621b810cf.jpg.list
146,https://image.msscdn.net/data/estimate/685185_0/gallery_604242db8fa60.jpg.list
147,https://image.msscdn.net/data/estimate/685185_0/gallery_604f7d41a82e8.jpg.list
148,https://image.msscdn.net/data/estimate/685185_0/gallery_6087a9d604509.jpg.list
149,https://image.msscdn.net/data/estimate/685185_0/gallery_603313c697215.jpg.list
150,https://image.msscdn.net/data/estimate/685185_0/gallery_5fdca581c5b74.jpg.list
151,https://image.msscdn.net/data/estimate/685185_0/gallery_5fb711962bd09.jpg.list
152,https://image.msscdn.net/data/estimate/685185_0/gallery_5fbedddd8bb85.jpg.list
153,https://image.msscdn.net/data/estimate/685185_0/gallery_5f62bdd29aba2.jpg.list
154,https://image.msscdn.net/data/estimate/685185_0/gallery_5fb6672c356f3.jpg.list
155,https://image.msscdn.net/data/estimate/685185_0/gallery_5fb1d462a2872.jpg.list
156,https://image.msscdn.net/data/estimate/685185_0/gallery_5f99890172f05.jpg.list
157,https://image.msscdn.net/data/estimate/685185_0/gallery_608cdc8a59608.jpg.list
158,https://image.msscdn.net/data/estimate/685185_0/gallery_6078f93cb488a.jpg.list
159,https://image.msscdn.net/data/estimate/685185_0/gallery_5febe10725dde.jpg.list
160,https://image.msscdn.net/data/estimate/685185_0/gallery_5fb4bd52c53da.jpg.list
161,https://image.msscdn.net/data/estimate/685185_0/gallery_60517517b137d.jpg.list
162,https://image.msscdn.net/data/estimate/685185_0/gallery_6050c0bbbcd69.jpg.list
163,https://image.msscdn.net/data/estimate/685185_0/gallery_5fb6672b8af8e.jpg.list
164,https://image.msscdn.net/data/estimate/685185_0/gallery_5fac94b88a5b3.jpg.list
165,https://image.msscdn.net/data/estimate/685185_0/gallery_5fa8768f24bac.jpg.list
166,https://image.msscdn.net/data/estimate/685185_0/gallery_608f2c48745dd.jpg.list
167,https://image.msscdn.net/data/estimate/685185_0/gallery_602e6b70c089a.jpg.list
168,https://image.msscdn.net/data/estimate/685185_0/gallery_5f9c22c68f1b4.jpg.list
169,https://image.msscdn.net/data/estimate/685185_0/gallery_5f9a85867d0b3.jpg.list
170,https://image.msscdn.net/data/estimate/685185_0/gallery_5fad4137ec04d.jpg.list
171,https://image.msscdn.net/data/estimate/685185_0/gallery_60a748601d241.jpg.list
172,https://image.msscdn.net/data/estimate/685185_0/gallery_5fc4cb72204b7.jpg.list
173,https://image.msscdn.net/data/estimate/685185_0/gallery_5f6b59ae397cd.jpg.list
174,https://image.msscdn.net/data/estimate/685185_0/gallery_605f4b49ecfbe.jpg.list
175,https://image.msscdn.net/data/estimate/685185_0/gallery_5fff0eb3e4e33.jpg.list
176,https://image.msscdn.net/data/estimate/685185_0/gallery_5fdf07e030e65.jpg.list
177,https://image.msscdn.net/data/estimate/685185_0/gallery_5fb23134aa1b7.jpg.list
178,https://image.msscdn.net/data/estimate/685185_0/gallery_5ff35da4f09e4.jpg.list
179,https://image.msscdn.net/data/estimate/685185_0/gallery_606ee36fe24a9.jpg.list
180,https://image.msscdn.net/data/estimate/685185_0/gallery_5f9e1a9c3f3fc.jpg.list
181,https://image.msscdn.net/data/estimate/685185_0/gallery_5fcb5de2074ea.jpg.list
182,https://image.msscdn.net/data/estimate/685185_0/gallery_602792c283854.jpg.list
183,https://image.msscdn.net/data/estimate/685185_0/gallery_5fec25188ce8e.jpg.list
184,https://image.msscdn.net/data/estimate/685185_0/gallery_604c6788a6c42.jpg.list
185,https://image.msscdn.net/data/estimate/685185_0/gallery_607c19125b9f9.jpg.list
186,https://image.msscdn.net/data/estimate/685185_0/gallery_5fcbe3bddab81.jpg.list
187,https://image.msscdn.net/data/estimate/685185_0/gallery_6079ac6f14419.jpg.list
188,https://image.msscdn.net/data/estimate/685185_0/gallery_60360bdd202da.jpg.list
189,https://image.msscdn.net/data/estimate/685185_0/gallery_5f66fc99a6da0.jpg.list
190,https://image.msscdn.net/data/estimate/685185_0/gallery_5fea4e5c352d8.jpg.list
191,https://image.msscdn.net/data/estimate/685185_0/gallery_5f8857a9dc9ae.jpg.list
192,https://image.msscdn.net/data/estimate/685185_0/gallery_5f979e424f500.jpg.list
193,https://image.msscdn.net/data/estimate/685185_0/gallery_5fbe4bcc243bb.jpg.list
194,https://image.msscdn.net/data/estimate/685185_0/gallery_5fbbc267875cd.jpg.list
195,https://image.msscdn.net/data/estimate/685185_0/gallery_5fc1d770ecb05.jpg.list
196,https://image.msscdn.net/data/estimate/685185_0/gallery_5fddd0f8e56e6.jpg.list
197,https://image.msscdn.net/data/estimate/685185_0/gallery_6085f1e837d34.jpg.list
198,https://image.msscdn.net/data/estimate/685185_0/gallery_5fbdbbfe62a3c.jpg.list
199,https://image.msscdn.net/data/estimate/685185_0/gallery_5f687738e7d1c.jpg.list
200,https://image.msscdn.net/data/estimate/685185_0/gallery_6002cbcb83eb3.jpg.list
201,https://image.msscdn.net/data/estimate/685185_0/gallery_605b52a717216.jpg.list
202,https://image.msscdn.net/data/estimate/685185_0/gallery_5f9d14462b34d.jpg.list
203,https://image.msscdn.net/data/estimate/685185_0/gallery_5f86339c18bf4.jpg.list
204,https://image.msscdn.net/data/estimate/685185_0/gallery_60c585285b9ec.jpg.list
205,https://image.msscdn.net/data/estimate/685185_0/gallery_5fa213c70a7e4.jpg.list
206,https://image.msscdn.net/data/estimate/685185_0/gallery_5f589e8731cf6.jpg.list
207,https://image.msscdn.net/data/estimate/685185_0/gallery_601946e960149.jpg.list
208,https://image.msscdn.net/data/estimate/685185_0/gallery_5f93ead77660b.jpg.list
209,https://image.msscdn.net/data/estimate/685185_0/gallery_5f537a015b4bd.jpg.list
210,https://image.msscdn.net/data/estimate/685185_0/gallery_609a960389d9f.jpg.list
211,https://image.msscdn.net/data/estimate/685185_0/gallery_60c9b7dc8e536.jpg.list
212,https://image.msscdn.net/data/estimate/685185_0/gallery_609a8183bc949.jpg.list
213,https://image.msscdn.net/data/estimate/685185_0/gallery_6065a488da007.jpg.list
214,https://image.msscdn.net/data/estimate/685185_0/gallery_5fddffd5293e6.jpg.list
215,https://image.msscdn.net/data/estimate/685185_0/gallery_5fca04959901d.jpg.list
216,https://image.msscdn.net/data/estimate/685185_0/gallery_5f9f96f941af0.jpg.list
217,https://image.msscdn.net/data/estimate/685185_0/gallery_5f90ea8a9cca2.jpg.list
218,https://image.msscdn.net/data/estimate/685185_0/gallery_5f76c405ba55d.jpg.list
219,https://image.msscdn.net/data/estimate/685185_0/gallery_5ffb24e60b854.jpg.list
220,https://image.msscdn.net/data/estimate/685185_0/gallery_5ff81f59a8740.jpg.list
221,https://image.msscdn.net/data/estimate/685185_0/gallery_5fc7938dc0866.jpg.list
222,https://image.msscdn.net/data/estimate/685185_0/gallery_5f5a223d1cc13.jpg.list
223,https://image.msscdn.net/data/estimate/685185_0/gallery_60364ceddd363.jpg.list
224,https://image.msscdn.net/data/estimate/685185_0/gallery_60cff7bc8c30a.jpg.list
225,https://image.msscdn.net/data/estimate/685185_0/gallery_5fe78c2b06c00.jpg.list
226,https://image.msscdn.net/data/estimate/685185_0/gallery_5fb3be0c58869.jpg.list
227,https://image.msscdn.net/data/estimate/685185_0/gallery_5f8acf4445748.jpg.list
228,https://image.msscdn.net/data/estimate/685185_0/gallery_5fc29e235ec31.jpg.list
229,https://image.msscdn.net/data/estimate/685185_0/gallery_5f9af5728f58d.jpg.list
230,https://image.msscdn.net/data/estimate/685185_0/gallery_60632cb5bc967.jpg.list
231,https://image.msscdn.net/data/estimate/685185_0/gallery_605732443b88c.jpg.list
232,https://image.msscdn.net/data/estimate/685185_0/gallery_603310baaf643.jpg.list
233,https://image.msscdn.net/data/estimate/685185_0/gallery_5f8fb67ab72e7.jpg.list
234,https://image.msscdn.net/data/estimate/685185_0/gallery_5f5639505b539.jpg.list
235,https://image.msscdn.net/data/estimate/685185_0/gallery_5ff1ddd0d0b15.jpg.list
236,https://image.msscdn.net/data/estimate/685185_0/gallery_6065dbbf02011.jpg.list
237,https://image.msscdn.net/data/estimate/685185_0/gallery_5fa7bdae099cd.jpg.list
238,https://image.msscdn.net/data/estimate/685185_0/gallery_604a0a80de6c3.jpg.list
239,https://image.msscdn.net/data/estimate/685185_0/gallery_5faf04590ed2f.jpg.list
240,https://image.msscdn.net/data/estimate/685185_0/gallery_5fa698e86b258.jpg.list
241,https://image.msscdn.net/data/estimate/685185_0/gallery_5fb21422595f5.jpg.list
242,https://image.msscdn.net/data/estimate/685185_0/gallery_5fbcae8a66471.jpg.list
243,https://image.msscdn.net/data/estimate/685185_0/gallery_5f92c5404c265.jpg.list
244,https://image.msscdn.net/data/estimate/685185_0/gallery_5f5bd07dae571.jpg.list
245,https://image.msscdn.net/data/estimate/685185_0/gallery_60b3b9c42513f.jpg.list
246,https://image.msscdn.net/data/estimate/685185_0/gallery_5fc1e6aeaaca2.jpg.list
247,https://image.msscdn.net/data/estimate/685185_0/gallery_5f66bf0ea8184.jpg.list
248,https://image.msscdn.net/data/estimate/685185_0/gallery_600295a3d66db.jpg.list
249,https://image.msscdn.net/data/estimate/685185_0/gallery_5f662ad3df04c.jpg.list
250,https://image.msscdn.net/data/estimate/685185_0/gallery_5f5bac6e6906d.jpg.list
251,https://image.msscdn.net/data/estimate/685185_0/gallery_5fdb1c0ebf570.jpg.list
252,https://image.msscdn.net/data/estimate/685185_0/gallery_603c9d526b4c7.jpg.list
253,https://image.msscdn.net/data/estimate/685185_0/gallery_5f8fc446d7e42.jpg.list
254,https://image.msscdn.net/data/estimate/685185_0/gallery_5fb2610b18bb8.jpg.list
255,https://image.msscdn.net/data/estimate/685185_0/gallery_60e1446cee0f3.jpg.list
256,https://image.msscdn.net/data/estimate/685185_0/gallery_61056d1e44741.jpg.list
257,https://image.msscdn.net/data/estimate/685185_0/gallery_5fc5f917ba1f4.jpg.list
258,https://image.msscdn.net/data/estimate/685185_0/gallery_6048ea4a468d5.jpg.list
259,https://image.msscdn.net/data/estimate/685185_0/gallery_5fd46daa683ad.jpg.list
260,https://image.msscdn.net/data/estimate/685185_0/gallery_5f9bd793f23de.jpg.list
261,https://image.msscdn.net/data/estimate/685185_0/gallery_5f8bd71a420f0.jpg.list
262,https://image.msscdn.net/data/estimate/685185_0/gallery_5fa1fd0b3bb0f.jpg.list
263,https://image.msscdn.net/data/estimate/685185_0/gallery_5f59f3c1b474d.jpg.list
264,https://image.msscdn.net/data/estimate/685185_0/gallery_60fc6fd1153ca.jpg.list
265,https://image.msscdn.net/data/estimate/685185_0/gallery_5f6c93228f3dd.jpg.list
266,https://image.msscdn.net/data/estimate/685185_0/gallery_605d77eaab81b.jpg.list
267,https://image.msscdn.net/data/estimate/685185_0/gallery_5fb6866b3a5ac.jpg.list
268,https://image.msscdn.net/data/estimate/685185_0/gallery_5f82b8045b05b.jpg.list
269,https://image.msscdn.net/data/estimate/685185_0/gallery_60b4f6ac5b305.jpg.list
270,https://image.msscdn.net/data/estimate/685185_0/gallery_5ffab067133ac.jpg.list
271,https://image.msscdn.net/data/estimate/685185_0/gallery_608c1696041a2.jpg.list
272,https://image.msscdn.net/data/estimate/685185_0/gallery_60640b6e27ddf.jpg.list
273,https://image.msscdn.net/data/estimate/685185_0/gallery_5fd4c67c3bfb5.jpg.list
274,https://image.msscdn.net/data/estimate/685185_0/gallery_5f732526176c5.jpg.list
275,https://image.msscdn.net/data/estimate/685185_0/gallery_5fad401ccecb8.jpg.list
276,https://image.msscdn.net/data/estimate/685185_0/gallery_5f8fd8614d2d1.jpg.list
277,https://image.msscdn.net/data/estimate/685185_0/gallery_5fd082c644c89.jpg.list
278,https://image.msscdn.net/data/estimate/685185_0/gallery_5f9455724e8ed.jpg.list
279,https://image.msscdn.net/data/estimate/685185_0/gallery_6001a2a37f5af.jpg.list
280,https://image.msscdn.net/data/estimate/685185_0/gallery_5f9024a7a9084.jpg.list
281,https://image.msscdn.net/data/estimate/685185_0/gallery_5fcc4b60dc764.jpg.list
282,https://image.msscdn.net/data/estimate/685185_0/gallery_60486a463381a.jpg.list
283,https://image.msscdn.net/data/estimate/685185_0/gallery_5fe0ce67bd6af.jpg.list
284,https://image.msscdn.net/data/estimate/685185_0/gallery_5f898ba1de75e.jpg.list
285,https://image.msscdn.net/data/estimate/685185_0/gallery_60b36cd86e457.jpg.list
286,https://image.msscdn.net/data/estimate/685185_0/gallery_60cf514550d13.jpg.list
287,https://image.msscdn.net/data/estimate/685185_0/gallery_5fabc90304290.jpg.list
288,https://image.msscdn.net/data/estimate/685185_0/gallery_5fc638521e521.jpg.list
289,https://image.msscdn.net/data/estimate/685185_0/gallery_5fa8768e75300.jpg.list
290,https://image.msscdn.net/data/estimate/685185_0/gallery_5f88ed98e87ef.jpg.list
291,https://image.msscdn.net/data/estimate/685185_0/gallery_5f8db8cf18079.jpg.list
292,https://image.msscdn.net/data/estimate/685185_0/gallery_60da0c4473df6.jpg.list
293,https://image.msscdn.net/data/estimate/685185_0/gallery_5f7aa6731afb3.jpg.list
294,https://image.msscdn.net/data/estimate/685185_0/gallery_5fd4140e382db.jpg.list
295,https://image.msscdn.net/data/estimate/685185_0/gallery_5f7afa54e0a88.jpg.list
296,https://image.msscdn.net/data/estimate/685185_0/gallery_60938c9fc1086.jpg.list
297,https://image.msscdn.net/data/estimate/685185_0/gallery_5ff974e03b1be.jpg.list
298,https://image.msscdn.net/data/estimate/685185_0/gallery_60823a005c408.jpg.list
299,https://image.msscdn.net/data/estimate/685185_0/gallery_60a725dcef121.jpg.list
300,https://image.msscdn.net/data/estimate/685185_0/gallery_5fabfd86bbaa0.jpg.list
301,https://image.msscdn.net/data/estimate/685185_0/gallery_6051f7d0811c9.jpg.list
302,https://image.msscdn.net/data/estimate/685185_0/gallery_600fdd997e851.jpg.list
303,https://image.msscdn.net/data/estimate/685185_0/gallery_5f86590334042.jpg.list
304,https://image.msscdn.net/data/estimate/685185_0/gallery_5f7eb764ba0b4.jpg.list
305,https://image.msscdn.net/data/estimate/685185_0/gallery_608578ec3163f.jpg.list
306,https://image.msscdn.net/data/estimate/685185_0/gallery_5fc21d7999b7d.jpg.list
307,https://image.msscdn.net/data/estimate/685185_0/gallery_606a76aeae484.jpg.list
308,https://image.msscdn.net/data/estimate/685185_0/gallery_601a8f2e7ea1e.jpg.list
309,https://image.msscdn.net/data/estimate/685185_0/gallery_605833f40973d.jpg.list
310,https://image.msscdn.net/data/estimate/685185_0/gallery_604338a8b9108.jpg.list
311,https://image.msscdn.net/data/estimate/685185_0/gallery_602a503e4a941.jpg.list
312,https://image.msscdn.net/data/estimate/685185_0/gallery_5f6c506ec9335.jpg.list
313,https://image.msscdn.net/data/estimate/685185_0/gallery_5fadfbe8b83ae.jpg.list
314,https://image.msscdn.net/data/estimate/685185_0/gallery_600da4ed41fb9.jpg.list
315,https://image.msscdn.net/data/estimate/685186_0/gallery_5f952782bb592.jpg.list
316,https://image.msscdn.net/data/estimate/685185_0/gallery_5fb8879753596.jpg.list
317,https://image.msscdn.net/data/estimate/685185_0/gallery_5fb201e583bad.jpg.list
318,https://image.msscdn.net/data/estimate/685185_0/gallery_61018e9a9ca62.jpg.list
319,https://image.msscdn.net/data/estimate/685185_0/gallery_5fdbfe15e6a68.jpg.list
320,https://image.msscdn.net/data/estimate/685185_0/gallery_5fb8629fc85c6.jpg.list
321,https://image.msscdn.net/data/estimate/685185_0/gallery_5fcc4b6307921.jpg.list
322,https://image.msscdn.net/data/estimate/685185_0/gallery_5f9181a6cab5e.jpg.list
323,https://image.msscdn.net/data/estimate/685185_0/gallery_5f795519843ac.jpg.list
324,https://image.msscdn.net/data/estimate/685185_0/gallery_5f686c413d7a8.jpg.list
325,https://image.msscdn.net/data/estimate/685185_0/gallery_5f5dc567ddf3d.jpg.list
326,https://image.msscdn.net/data/estimate/685185_0/gallery_5f812c4eee33c.jpg.list
327,https://image.msscdn.net/data/estimate/685185_0/gallery_5fba10ea11ef2.jpg.list
328,https://image.msscdn.net/data/estimate/685185_0/gallery_5fc20525cec3f.jpg.list
329,https://image.msscdn.net/data/estimate/685185_0/gallery_5f8b0fa82056f.jpg.list
330,https://image.msscdn.net/data/estimate/685185_0/gallery_5f5f64e9e2983.jpg.list
331,https://image.msscdn.net/data/estimate/685185_0/gallery_600d5279aa7bb.jpg.list
332,https://image.msscdn.net/data/estimate/685185_0/gallery_602f57417b94e.jpg.list
333,https://image.msscdn.net/data/estimate/685185_0/gallery_5fed930e1c69d.jpg.list
334,https://image.msscdn.net/data/estimate/685185_0/gallery_604981af7467d.jpg.list
335,https://image.msscdn.net/data/estimate/685185_0/gallery_5f55540ca9242.jpg.list
336,https://image.msscdn.net/data/estimate/685185_0/gallery_5fc0c7d36956b.jpg.list
337,https://image.msscdn.net/data/estimate/685185_0/gallery_6076f2beed199.jpg.list
338,https://image.msscdn.net/data/estimate/685185_0/gallery_60153a380e900.jpg.list
339,https://image.msscdn.net/data/estimate/685185_0/gallery_6069599d652cc.jpg.list
340,https://image.msscdn.net/data/estimate/685185_0/gallery_6012b528aabcf.jpg.list
341,https://image.msscdn.net/data/estimate/685185_0/gallery_5fcbbd473acd8.jpg.list
342,https://image.msscdn.net/data/estimate/685185_0/gallery_5f926c3831b70.jpg.list
343,https://image.msscdn.net/data/estimate/685185_0/gallery_602cc91b07f55.jpg.list
344,https://image.msscdn.net/data/estimate/685185_0/gallery_5fe28f4fe95f9.jpg.list
345,https://image.msscdn.net/data/estimate/685187_0/gallery_60936531b79bb.jpg.list
346,https://image.msscdn.net/data/estimate/685185_0/gallery_603e9288981b1.jpg.list
347,https://image.msscdn.net/data/estimate/685185_0/gallery_6087bae7a3e28.jpg.list
348,https://image.msscdn.net/data/estimate/685185_0/gallery_5ff1cb83a4832.jpg.list
349,https://image.msscdn.net/data/estimate/685185_0/gallery_604ca72c995be.jpg.list
350,https://image.msscdn.net/data/estimate/685185_0/gallery_6002b2fe0bff6.jpg.list
351,https://image.msscdn.net/data/estimate/685185_0/gallery_5fd8b0e1cdf69.jpg.list
352,https://image.msscdn.net/data/estimate/685185_0/gallery_5fd2f39087c31.jpg.list
353,https://image.msscdn.net/data/estimate/685185_0/gallery_5f930fb01b8ef.jpg.list
354,https://image.msscdn.net/data/estimate/685185_0/gallery_604f5028bac5b.jpg.list
355,https://image.msscdn.net/data/estimate/685185_0/gallery_60618c95c20e2.jpg.list
356,https://image.msscdn.net/data/estimate/685185_0/gallery_5fd31869ebbc8.jpg.list
357,https://image.msscdn.net/data/estimate/685185_0/gallery_5fbfc29cb229e.jpg.list
358,https://image.msscdn.net/data/estimate/685185_0/gallery_5fabba5f4fb91.jpg.list
359,https://image.msscdn.net/data/estimate/685185_0/gallery_5fdf1f93493fa.jpg.list
360,https://image.msscdn.net/data/estimate/685185_0/gallery_5f5ed0337d33f.jpg.list
361,https://image.msscdn.net/data/estimate/685185_0/gallery_60093570df3c7.jpg.list
362,https://image.msscdn.net/data/estimate/685185_0/gallery_5fd414b7353cf.jpg.list
363,https://image.msscdn.net/data/estimate/685185_0/gallery_5f8663610ec51.jpg.list
364,https://image.msscdn.net/data/estimate/685185_0/gallery_5f8eac8fcff2e.jpg.list
365,https://image.msscdn.net/data/estimate/685185_0/gallery_5fe6281e2f5d2.jpg.list
366,https://image.msscdn.net/data/estimate/685185_0/gallery_5fccd6dd63863.jpg.list
367,https://image.msscdn.net/data/estimate/685185_0/gallery_5fb0d107f3fff.jpg.list
368,https://image.msscdn.net/data/estimate/685185_0/gallery_5f6b3ed499a09.jpg.list
369,https://image.msscdn.net/data/estimate/685185_0/gallery_6082d2270911d.jpg.list
370,https://image.msscdn.net/data/estimate/685185_0/gallery_5f8e08c25ec5c.jpg.list
371,https://image.msscdn.net/data/estimate/685185_0/gallery_5f6f18b3a733f.jpg.list
372,https://image.msscdn.net/data/estimate/685185_0/gallery_5ffe7e6fa81f2.jpg.list
373,https://image.msscdn.net/data/estimate/685185_0/gallery_6093eb5179063.jpg.list
374,https://image.msscdn.net/data/estimate/685185_0/gallery_5faad44342bb8.jpg.list
375,https://image.msscdn.net/data/estimate/685185_0/gallery_5f9f897b38640.jpg.list
376,https://image.msscdn.net/data/estimate/685185_0/gallery_606513e8b589d.jpg.list
377,https://image.msscdn.net/data/estimate/685185_0/gallery_601cceb26cb9a.jpg.list
378,https://image.msscdn.net/data/estimate/685185_0/gallery_600a2e0967a1f.jpg.list
379,https://image.msscdn.net/data/estimate/685185_0/gallery_5fa3ec6726c5c.jpg.list
380,https://image.msscdn.net/data/estimate/685185_0/gallery_5f87316966da8.jpg.list
381,https://image.msscdn.net/data/estimate/685185_0/gallery_60c9980b64975.jpg.list
382,https://image.msscdn.net/data/estimate/685185_0/gallery_602fb296bf866.jpg.list
383,https://image.msscdn.net/data/estimate/685185_0/gallery_5fd72b5508801.jpg.list
384,https://image.msscdn.net/data/estimate/685185_0/gallery_5fdf23ce0382a.jpg.list
385,https://image.msscdn.net/data/estimate/685185_0/gallery_605172668e48a.jpg.list
386,https://image.msscdn.net/data/estimate/685185_0/gallery_5fd457e043257.jpg.list
387,https://image.msscdn.net/data/estimate/685185_0/gallery_5fad10c841295.jpg.list
388,https://image.msscdn.net/data/estimate/685185_0/gallery_5fd30a7e4d453.jpg.list
389,https://image.msscdn.net/data/estimate/685185_0/gallery_6033a0735b667.jpg.list
390,https://image.msscdn.net/data/estimate/685185_0/gallery_5fb50430f0c6d.jpg.list
391,https://image.msscdn.net/data/estimate/685185_0/gallery_60ffa6f7693c1.jpg.list
392,https://image.msscdn.net/data/estimate/685185_0/gallery_5fbedddce29f1.jpg.list
393,https://image.msscdn.net/data/estimate/685185_0/gallery_6055bfd0ce039.jpg.list
394,https://image.msscdn.net/data/estimate/685185_0/gallery_5fc4bb2dc5bc0.jpg.list
395,https://image.msscdn.net/data/estimate/685185_0/gallery_6058a5e96788a.jpg.list
396,https://image.msscdn.net/data/estimate/685185_0/gallery_5f6563053273d.jpg.list
397,https://image.msscdn.net/data/estimate/685185_0/gallery_5fb37438f0476.jpg.list
398,https://image.msscdn.net/data/estimate/685185_0/gallery_5fa28a028ff6f.jpg.list
399,https://image.msscdn.net/data/estimate/685185_0/gallery_5fc6353dafd0d.jpg.list
400,https://image.msscdn.net/data/estimate/685185_0/gallery_6093d13b086de.jpg.list
401,https://image.msscdn.net/data/estimate/685185_0/gallery_5fa1a65209ae7.jpg.list
402,https://image.msscdn.net/data/estimate/685185_0/gallery_5f54f46727de5.jpg.list
403,https://image.msscdn.net/data/estimate/685185_0/gallery_5fedcc23610c7.jpg.list
404,https://image.msscdn.net/data/estimate/685185_0/gallery_5fed98e5b8ea4.jpg.list
405,https://image.msscdn.net/data/estimate/685185_0/gallery_605beb0eccc38.jpg.list
406,https://image.msscdn.net/data/estimate/685185_0/gallery_60516196b4453.jpg.list
407,https://image.msscdn.net/data/estimate/685185_0/gallery_60a1debc205a6.jpg.list
408,https://image.msscdn.net/data/estimate/685185_0/gallery_5ff7877ce8e07.jpg.list
409,https://image.msscdn.net/data/estimate/685185_0/gallery_5fc1ce5537c14.jpg.list
410,https://image.msscdn.net/data/estimate/685185_0/gallery_604a2f149f475.jpg.list
411,https://image.msscdn.net/data/estimate/685185_0/gallery_5fe92dd76f807.jpg.list
412,https://image.msscdn.net/data/estimate/685185_0/gallery_5fcb11a999876.jpg.list
413,https://image.msscdn.net/data/estimate/685185_0/gallery_603ca5c29faf5.jpg.list
414,https://image.msscdn.net/data/estimate/685185_0/gallery_5fd9a5267361f.jpg.list
415,https://image.msscdn.net/data/estimate/685185_0/gallery_60477acc5a0de.jpg.list
416,https://image.msscdn.net/data/estimate/685185_0/gallery_5fd35616f08a8.jpg.list
417,https://image.msscdn.net/data/estimate/685185_0/gallery_5fcc91a9b7c6d.jpg.list
418,https://image.msscdn.net/data/estimate/685185_0/gallery_5fa030e3f077f.jpg.list
419,https://image.msscdn.net/data/estimate/685185_0/gallery_5f535db1d4c4a.jpg.list
420,https://image.msscdn.net/data/estimate/685185_0/gallery_5fe7525d33e8e.jpg.list
421,https://image.msscdn.net/data/estimate/685185_0/gallery_600a95ee1b476.jpg.list
422,https://image.msscdn.net/data/estimate/685185_0/gallery_60dad12427ae5.jpg.list
423,https://image.msscdn.net/data/estimate/685189_0/gallery_60a6fc14c0e92.jpg.list
424,https://image.msscdn.net/data/estimate/685185_0/gallery_5fb33cfcf10a9.jpg.list
425,https://image.msscdn.net/data/estimate/685185_0/gallery_5f9d14456f719.jpg.list
426,https://image.msscdn.net/data/estimate/685185_0/gallery_5fa0939b5e9e7.jpg.list
427,https://image.msscdn.net/data/estimate/685185_0/gallery_60fb8b5ccbdab.jpg.list
428,https://image.msscdn.net/data/estimate/685185_0/gallery_600aa3f74c596.jpg.list
429,https://image.msscdn.net/data/estimate/685185_0/gallery_60f3d6e05d7c9.jpg.list
430,https://image.msscdn.net/data/estimate/685185_0/gallery_606ddc5942cdf.jpg.list
431,https://image.msscdn.net/data/estimate/685185_0/gallery_5fc0a93ad323e.jpg.list
432,https://image.msscdn.net/data/estimate/685185_0/gallery_604dc71f06f5c.jpg.list
433,https://image.msscdn.net/data/estimate/685185_0/gallery_60101a31a2d28.jpg.list
434,https://image.msscdn.net/data/estimate/685185_0/gallery_60ceb43ac1998.jpg.list
435,https://image.msscdn.net/data/estimate/685185_0/gallery_5fdeecd2d139e.jpg.list
436,https://image.msscdn.net/data/estimate/685185_0/gallery_5f87d8481b5bb.jpg.list
437,https://image.msscdn.net/data/estimate/685185_0/gallery_6062b2ded0550.jpg.list
438,https://image.msscdn.net/data/estimate/685185_0/gallery_601694e682cf8.jpg.list
439,https://image.msscdn.net/data/estimate/685185_0/gallery_5f86c523f1cd4.jpg.list
440,https://image.msscdn.net/data/estimate/685185_0/gallery_5f8ecddf93fa9.jpg.list
441,https://image.msscdn.net/data/estimate/685185_0/gallery_60376b216f21f.jpg.list
442,https://image.msscdn.net/data/estimate/685185_0/gallery_5fe4b1e1f15b2.jpg.list
443,https://image.msscdn.net/data/estimate/685185_0/gallery_602c0a9c4d495.jpg.list
444,https://image.msscdn.net/data/estimate/685185_0/gallery_60507827d13f5.jpg.list
445,https://image.msscdn.net/data/estimate/685185_0/gallery_60643f8949d60.jpg.list
446,https://image.msscdn.net/data/estimate/685185_0/gallery_5fa32862d5a1d.jpg.list
447,https://image.msscdn.net/data/estimate/685185_0/gallery_5f8d362ba3432.jpg.list
448,https://image.msscdn.net/data/estimate/685185_0/gallery_5fd43d0f5e4b3.jpg.list
449,https://image.msscdn.net/data/estimate/685185_0/gallery_60549bebdb47f.jpg.list
450,https://image.msscdn.net/data/estimate/685185_0/gallery_5fdf07df76ca5.jpg.list
451,https://image.msscdn.net/data/estimate/685185_0/gallery_5f83bc3023480.jpg.list
452,https://image.msscdn.net/data/estimate/685185_0/gallery_5fd0a00a98127.jpg.list
453,https://image.msscdn.net/data/estimate/685185_0/gallery_5fd9e729d3661.jpg.list
454,https://image.msscdn.net/data/estimate/685185_0/gallery_6009357180ede.jpg.list
455,https://image.msscdn.net/data/estimate/685185_0/gallery_5fd0b1dd9612a.jpg.list
456,https://image.msscdn.net/data/estimate/685185_0/gallery_5fa08b741c444.jpg.list
457,https://image.msscdn.net/data/estimate/685185_0/gallery_6011159e63e18.jpg.list
458,https://image.msscdn.net/data/estimate/685185_0/gallery_5f9b922a57bb6.jpg.list
459,https://image.msscdn.net/data/estimate/685185_0/gallery_61013c4dd57ea.jpg.list
460,https://image.msscdn.net/data/estimate/685185_0/gallery_5fe489fe4fbee.jpg.list
461,https://image.msscdn.net/data/estimate/685185_0/gallery_5fd215ad5a2b9.jpg.list
462,https://image.msscdn.net/data/estimate/685185_0/gallery_5fe1fa191125f.jpg.list
463,https://image.msscdn.net/data/estimate/685185_0/gallery_5f60b9a5d6331.jpg.list
464,https://image.msscdn.net/data/estimate/685185_0/gallery_5fd3561615951.jpg.list
465,https://image.msscdn.net/data/estimate/685185_0/gallery_601506ab8a968.jpg.list
466,https://image.msscdn.net/data/estimate/685185_0/gallery_60cff7be277f4.jpg.list
467,https://image.msscdn.net/data/estimate/685185_0/gallery_5ff5de5ba5b74.jpg.list
468,https://image.msscdn.net/data/estimate/685185_0/gallery_5ff5a82f570c7.jpg.list
469,https://image.msscdn.net/data/estimate/685185_0/gallery_5f9b5aea81034.jpg.list
470,https://image.msscdn.net/data/estimate/685185_0/gallery_60794ea3a1b77.jpg.list
471,https://image.msscdn.net/data/estimate/685185_0/gallery_5ffed5194422c.jpg.list
472,https://image.msscdn.net/data/estimate/685185_0/gallery_60bb89b5e4bce.jpg.list
473,https://image.msscdn.net/data/estimate/685185_0/gallery_600bfc152f801.jpg.list
474,https://image.msscdn.net/data/estimate/685185_0/gallery_609b3bf86ce0e.jpg.list
475,https://image.msscdn.net/data/estimate/685185_0/gallery_60153a339e760.jpg.list
476,https://image.msscdn.net/data/estimate/685185_0/gallery_5f998790490e7.jpg.list
477,https://image.msscdn.net/data/estimate/685186_0/gallery_5ff9adfabbd05.jpg.list
478,https://image.msscdn.net/data/estimate/685185_0/gallery_6048896e3fa94.jpg.list
479,https://image.msscdn.net/data/estimate/685185_0/gallery_5f55f136283de.jpg.list
480,https://image.msscdn.net/data/estimate/685185_0/gallery_6030d0e3134c9.jpg.list
481,https://image.msscdn.net/data/estimate/685185_0/gallery_5f62e75dda529.jpg.list
482,https://image.msscdn.net/data/estimate/685185_0/gallery_5fcbb2d9c53fc.jpg.list
483,https://image.msscdn.net/data/estimate/685185_0/gallery_5fddbfc59215c.jpg.list
484,https://image.msscdn.net/data/estimate/685185_0/gallery_6060959530e9b.jpg.list
485,https://image.msscdn.net/data/estimate/685185_0/gallery_600c19a6b8dd7.jpg.list
486,https://image.msscdn.net/data/estimate/685185_0/gallery_600be180b6d4a.jpg.list
487,https://image.msscdn.net/data/estimate/685185_0/gallery_5f8180769c1ec.jpg.list
488,https://image.msscdn.net/data/estimate/685185_0/gallery_5f870baac4067.jpg.list
489,https://image.msscdn.net/data/estimate/685185_0/gallery_5fc3a5e045a73.jpg.list
490,https://image.msscdn.net/data/estimate/685185_0/gallery_5f62123c897e1.jpg.list
491,https://image.msscdn.net/data/estimate/685185_0/gallery_60684ede9ab42.jpg.list
492,https://image.msscdn.net/data/estimate/685185_0/gallery_5f916398cdcb0.jpg.list
493,https://image.msscdn.net/data/estimate/685185_0/gallery_5fca1f80a1d0c.jpg.list
494,https://image.msscdn.net/data/estimate/685185_0/gallery_5f7aad6a3a8a4.jpg.list
495,https://image.msscdn.net/data/estimate/685185_0/gallery_5f8d3c443c1e0.jpg.list
496,https://image.msscdn.net/data/estimate/685185_0/gallery_5f8ecde1684a9.jpg.list
497,https://image.msscdn.net/data/estimate/685185_0/gallery_604d8a3b44f94.jpg.list
498,https://image.msscdn.net/data/estimate/685185_0/gallery_5fbe652a1556c.jpg.list
499,https://image.msscdn.net/data/estimate/685185_0/gallery_5fa2b9e9440ba.jpg.list
500,https://image.msscdn.net/data/estimate/685185_0/gallery_5fa65a83970e8.jpg.list
501,https://image.msscdn.net/data/estimate/685185_0/gallery_5f5c6cdf5f2f7.jpg.list
502,https://image.msscdn.net/data/estimate/685185_0/gallery_603c6bdf5632f.jpg.list
503,https://image.msscdn.net/data/estimate/685185_0/gallery_5fb3135a1e3d5.jpg.list
504,https://image.msscdn.net/data/estimate/685185_0/gallery_6040af2e4cfb4.jpg.list
505,https://image.msscdn.net/data/estimate/685185_0/gallery_607ee78a2d62c.jpg.list
506,https://image.msscdn.net/data/estimate/685185_0/gallery_5fdfaa79cbc07.jpg.list
507,https://image.msscdn.net/data/estimate/685185_0/gallery_5f8eac90e2464.jpg.list
508,https://image.msscdn.net/data/estimate/685185_0/gallery_603d8fa692a58.jpg.list
509,https://image.msscdn.net/data/estimate/685185_0/gallery_6035cd80a4699.jpg.list
510,https://image.msscdn.net/data/estimate/685185_0/gallery_6029de526d8cb.jpg.list
511,https://image.msscdn.net/data/estimate/685185_0/gallery_5fb876b51e82e.jpg.list
512,https://image.msscdn.net/data/estimate/685185_0/gallery_604879fa7d87d.jpg.list
513,https://image.msscdn.net/data/estimate/685185_0/gallery_5fd89cfc83cc8.jpg.list
514,https://image.msscdn.net/data/estimate/685185_0/gallery_60bf5d1bce366.jpg.list
515,https://image.msscdn.net/data/estimate/685185_0/gallery_60cff23729bb8.jpg.list
516,https://image.msscdn.net/data/estimate/685185_0/gallery_6003f9bd29e0d.jpg.list
517,https://image.msscdn.net/data/estimate/685185_0/gallery_5fa18874b7567.jpg.list
518,https://image.msscdn.net/data/estimate/685185_0/gallery_60391c3d37b7a.jpg.list
519,https://image.msscdn.net/data/estimate/685185_0/gallery_6102ae9fc5fa7.jpg.list
520,https://image.msscdn.net/data/estimate/685185_0/gallery_5fd0b48373174.jpg.list
521,https://image.msscdn.net/data/estimate/685185_0/gallery_5f9ec769dd417.jpg.list
522,https://image.msscdn.net/data/estimate/685185_0/gallery_5f66bf104b9a6.jpg.list
523,https://image.msscdn.net/data/estimate/685185_0/gallery_600ef59cc0e33.jpg.list
524,https://image.msscdn.net/data/estimate/685185_0/gallery_5f9d4a607eaee.jpg.list
525,https://image.msscdn.net/data/estimate/685185_0/gallery_5f9b61e8b0915.jpg.list
526,https://image.msscdn.net/data/estimate/685185_0/gallery_5ffd6a376f297.jpg.list
527,https://image.msscdn.net/data/estimate/685185_0/gallery_60116d5c8070f.jpg.list
528,https://image.msscdn.net/data/estimate/685185_0/gallery_6079b0ca0ae02.jpg.list
529,https://image.msscdn.net/data/estimate/685185_0/gallery_5fe1cc70ab25f.jpg.list
530,https://image.msscdn.net/data/estimate/685185_0/gallery_5fa40b348d44f.jpg.list
531,https://image.msscdn.net/data/estimate/685185_0/gallery_5f5368705a79d.jpg.list
532,https://image.msscdn.net/data/estimate/685185_0/gallery_5fe22e7912e4c.jpg.list
533,https://image.msscdn.net/data/estimate/685185_0/gallery_5f79b405c3ab0.jpg.list
534,https://image.msscdn.net/data/estimate/685185_0/gallery_5f66bf11ed90d.jpg.list
535,https://image.msscdn.net/data/estimate/685185_0/gallery_5fb8ff8fdfb21.jpg.list
536,https://image.msscdn.net/data/estimate/685185_0/gallery_6033e74372052.jpg.list
537,https://image.msscdn.net/data/estimate/685185_0/gallery_5fc5a0194d03d.jpg.list
538,https://image.msscdn.net/data/estimate/685185_0/gallery_60b9fe2a002e0.jpg.list
539,https://image.msscdn.net/data/estimate/685185_0/gallery_6077b1ba94d8f.jpg.list
540,https://image.msscdn.net/data/estimate/685185_0/gallery_5fb8d4669e623.jpg.list
541,https://image.msscdn.net/data/estimate/685185_0/gallery_5fb0b8e349508.jpg.list
542,https://image.msscdn.net/data/estimate/685185_0/gallery_601ff6a36a2d9.jpg.list
543,https://image.msscdn.net/data/estimate/685185_0/gallery_5ff6f7bce2398.jpg.list
544,https://image.msscdn.net/data/estimate/685185_0/gallery_5fd1672e8b5a7.jpg.list
545,https://image.msscdn.net/data/estimate/685185_0/gallery_6040dca764d69.jpg.list
546,https://image.msscdn.net/data/estimate/685185_0/gallery_5f65a45a03716.jpg.list
547,https://image.msscdn.net/data/estimate/685185_0/gallery_5fbb929a654d8.jpg.list
548,https://image.msscdn.net/data/estimate/685185_0/gallery_5ffb883aac443.jpg.list
549,https://image.msscdn.net/data/estimate/685185_0/gallery_5fabba6035aac.jpg.list
550,https://image.msscdn.net/data/estimate/685185_0/gallery_601b632b41ec1.jpg.list
551,https://image.msscdn.net/data/estimate/685185_0/gallery_5fd18fb14a684.jpg.list
552,https://image.msscdn.net/data/estimate/685185_0/gallery_5f9ea973ce447.jpg.list
553,https://image.msscdn.net/data/estimate/685185_0/gallery_5f8fb67bb0197.jpg.list
554,https://image.msscdn.net/data/estimate/685185_0/gallery_6013e07d2af4f.jpg.list
555,https://image.msscdn.net/data/estimate/685185_0/gallery_5fc2091e3dab3.jpg.list
556,https://image.msscdn.net/data/estimate/685185_0/gallery_6013eb553f435.jpg.list
557,https://image.msscdn.net/data/estimate/685185_0/gallery_5fa15b2cd16b0.jpg.list
558,https://image.msscdn.net/data/estimate/685185_0/gallery_5f9f853acf81e.jpg.list
559,https://image.msscdn.net/data/estimate/685185_0/gallery_602fe5440b2b8.jpg.list
560,https://image.msscdn.net/data/estimate/685185_0/gallery_5fff0eb30f5d7.jpg.list
561,https://image.msscdn.net/data/estimate/685185_0/gallery_6036f1a7b08e7.jpg.list
562,https://image.msscdn.net/data/estimate/685185_0/gallery_5f7aca5a64547.jpg.list
563,https://image.msscdn.net/data/estimate/685185_0/gallery_6073f570e5601.jpg.list
564,https://image.msscdn.net/data/estimate/685185_0/gallery_5fbe01a2a2366.jpg.list
565,https://image.msscdn.net/data/estimate/685185_0/gallery_603600b8c2bcb.jpg.list
566,https://image.msscdn.net/data/estimate/685185_0/gallery_5ffd4b2f0fdaf.jpg.list
567,https://image.msscdn.net/data/estimate/685185_0/gallery_604e4498b9195.jpg.list
568,https://image.msscdn.net/data/estimate/685185_0/gallery_5f99879122787.jpg.list
569,https://image.msscdn.net/data/estimate/685185_0/gallery_5f7f380fde10f.jpg.list
570,https://image.msscdn.net/data/estimate/685185_0/gallery_5f88fae44d8d9.jpg.list
571,https://image.msscdn.net/data/estimate/685185_0/gallery_600ef8d0f409c.jpg.list
572,https://image.msscdn.net/data/estimate/685185_0/gallery_605c050bb6aca.jpg.list
573,https://image.msscdn.net/data/estimate/685185_0/gallery_60115807aff1b.jpg.list
574,https://image.msscdn.net/data/estimate/685185_0/gallery_605eb3252aafa.jpg.list
575,https://image.msscdn.net/data/estimate/685185_0/gallery_6017ce5f36adc.jpg.list
576,https://image.msscdn.net/data/estimate/685185_0/gallery_5fac07db9adc6.jpg.list
577,https://image.msscdn.net/data/estimate/685185_0/gallery_60686f2192e54.jpg.list
578,https://image.msscdn.net/data/estimate/685185_0/gallery_5fe1203415ce0.jpg.list
579,https://image.msscdn.net/data/estimate/685185_0/gallery_5fdf70b82e473.jpg.list
580,https://image.msscdn.net/data/estimate/685185_0/gallery_608e6b7c61f6f.jpg.list
581,https://image.msscdn.net/data/estimate/685185_0/gallery_6108105058062.jpg.list
582,https://image.msscdn.net/data/estimate/685185_0/gallery_5fcbd3d9d1d67.jpg.list
583,https://image.msscdn.net/data/estimate/685185_0/gallery_5fa40d149b1cf.jpg.list
584,https://image.msscdn.net/data/estimate/685185_0/gallery_5f5c6cdebeb7c.jpg.list
585,https://image.msscdn.net/data/estimate/685185_0/gallery_5fc7519aafcaa.jpg.list
586,https://image.msscdn.net/data/estimate/685185_0/gallery_60b7b40e5a607.jpg.list
587,https://image.msscdn.net/data/estimate/685185_0/gallery_5f7942e42d849.jpg.list
588,https://image.msscdn.net/data/estimate/685185_0/gallery_60376de72b5e8.jpg.list
589,https://image.msscdn.net/data/estimate/685185_0/gallery_5f63a17632116.jpg.list
590,https://image.msscdn.net/data/estimate/685185_0/gallery_5f856e8a9174b.jpg.list
591,https://image.msscdn.net/data/estimate/685185_0/gallery_60ed926bd713f.jpg.list
592,https://image.msscdn.net/data/estimate/685185_0/gallery_5f9d6a23a1b8a.jpg.list
593,https://image.msscdn.net/data/estimate/685185_0/gallery_6049d3fd11f81.jpg.list
594,https://image.msscdn.net/data/estimate/685185_0/gallery_6006db5050afc.jpg.list
595,https://image.msscdn.net/data/estimate/685185_0/gallery_603c90fbc15b9.jpg.list
596,https://image.msscdn.net/data/estimate/685185_0/gallery_603ca6bf93533.jpg.list
597,https://image.msscdn.net/data/estimate/685185_0/gallery_5faa7353614af.jpg.list
598,https://image.msscdn.net/data/estimate/685185_0/gallery_5f9181a606859.jpg.list
599,https://image.msscdn.net/data/estimate/685185_0/gallery_60780a79e8e9f.jpg.list
600,https://image.msscdn.net/data/estimate/685185_0/gallery_5fbad6fa87de0.jpg.list
601,https://image.msscdn.net/data/estimate/685185_0/gallery_5f5265c75be63.jpg.list
602,https://image.msscdn.net/data/estimate/685185_0/gallery_6008004d1a501.jpg.list
603,https://image.msscdn.net/data/estimate/685185_0/gallery_602f5740c4b85.jpg.list
604,https://image.msscdn.net/data/estimate/685185_0/gallery_61056cb63efa1.jpg.list
605,https://image.msscdn.net/data/estimate/685185_0/gallery_5fb7e4fe98af1.jpg.list
606,https://image.msscdn.net/data/estimate/685185_0/gallery_5f68651d23b77.jpg.list
607,https://image.msscdn.net/data/estimate/685185_0/gallery_60e945bf22fce.jpg.list
608,https://image.msscdn.net/data/estimate/685185_0/gallery_5fbefa718588e.jpg.list
609,https://image.msscdn.net/data/estimate/685185_0/gallery_6037240e94ea9.jpg.list
610,https://image.msscdn.net/data/estimate/685185_0/gallery_5fa7c90c864c0.jpg.list
611,https://image.msscdn.net/data/estimate/685185_0/gallery_5f74732909380.jpg.list
612,https://image.msscdn.net/data/estimate/685185_0/gallery_5ffef7e817f3c.jpg.list
613,https://image.msscdn.net/data/estimate/685185_0/gallery_5f66bf12a21bc.jpg.list
614,https://image.msscdn.net/data/estimate/685185_0/gallery_5fe93f7bd9414.jpg.list
615,https://image.msscdn.net/data/estimate/685185_0/gallery_6062b2de2fdeb.jpg.list
616,https://image.msscdn.net/data/estimate/685185_0/gallery_6059f601cfc7f.jpg.list
617,https://image.msscdn.net/data/estimate/685185_0/gallery_5fc0d77a40d3a.jpg.list
618,https://image.msscdn.net/data/estimate/685185_0/gallery_605ff930d53a8.jpg.list
619,https://image.msscdn.net/data/estimate/685185_0/gallery_604cade5aaf30.jpg.list
620,https://image.msscdn.net/data/estimate/685185_0/gallery_5f897d5e518d5.jpg.list
621,https://image.msscdn.net/data/estimate/685185_0/gallery_60ea8bb6d76bd.jpg.list
622,https://image.msscdn.net/data/estimate/685185_0/gallery_6004e895d9735.jpg.list
623,https://image.msscdn.net/data/estimate/685185_0/gallery_6069599cc2f4e.jpg.list
624,https://image.msscdn.net/data/estimate/685185_0/gallery_5fc09a21883ae.jpg.list
625,https://image.msscdn.net/data/estimate/685185_0/gallery_5f96e45d0595b.jpg.list
626,https://image.msscdn.net/data/estimate/685185_0/gallery_5f7ca760a0572.jpg.list
627,https://image.msscdn.net/data/estimate/685185_0/gallery_5f81cd55ed3c9.jpg.list
628,https://image.msscdn.net/data/estimate/685185_0/gallery_601c042f4b726.jpg.list
629,https://image.msscdn.net/data/estimate/685185_0/gallery_6062b2df95e15.jpg.list
630,https://image.msscdn.net/data/estimate/685185_0/gallery_5f96d3d1e5585.jpg.list
631,https://image.msscdn.net/data/estimate/685185_0/gallery_5fd215f2f38c5.jpg.list
632,https://image.msscdn.net/data/estimate/685185_0/gallery_6059a3571aeed.jpg.list
633,https://image.msscdn.net/data/estimate/685185_0/gallery_5fef1c8f195c8.jpg.list
634,https://image.msscdn.net/data/estimate/685185_0/gallery_5fdca5e237809.jpg.list
635,https://image.msscdn.net/data/estimate/685185_0/gallery_5f97d08c83916.jpg.list
636,https://image.msscdn.net/data/estimate/685185_0/gallery_5fb4d96fab7bc.jpg.list
637,https://image.msscdn.net/data/estimate/685185_0/gallery_5f5602af7395d.jpg.list
638,https://image.msscdn.net/data/estimate/685185_0/gallery_6054347fe5ebe.jpg.list
639,https://image.msscdn.net/data/estimate/685185_0/gallery_5fddcf828332f.jpg.list
640,https://image.msscdn.net/data/estimate/685185_0/gallery_6093eae4de444.jpg.list
641,https://image.msscdn.net/data/estimate/685185_0/gallery_5f96ca7fe448f.jpg.list
642,https://image.msscdn.net/data/estimate/685185_0/gallery_5f8acf4ad5b2d.jpg.list
643,https://image.msscdn.net/data/estimate/685185_0/gallery_5fc5e61861053.jpg.list
644,https://image.msscdn.net/data/estimate/685185_0/gallery_60658d8c310da.jpg.list
645,https://image.msscdn.net/data/estimate/685185_0/gallery_603310bc046e4.jpg.list
646,https://image.msscdn.net/data/estimate/685185_0/gallery_5f8731688340d.jpg.list
647,https://image.msscdn.net/data/estimate/685185_0/gallery_5f7b1997c839c.jpg.list
648,https://image.msscdn.net/data/estimate/685185_0/gallery_5f94c71e56af6.jpg.list
649,https://image.msscdn.net/data/estimate/685185_0/gallery_5fa8a9d2cd935.jpg.list
650,https://image.msscdn.net/data/estimate/685185_0/gallery_5f89036ac4f97.jpg.list
651,https://image.msscdn.net/data/estimate/685185_0/gallery_5f7aa69b83feb.jpg.list
652,https://image.msscdn.net/data/estimate/685185_0/gallery_5f8e66644ec28.jpg.list
653,https://image.msscdn.net/data/estimate/685185_0/gallery_5fb76eb5f3ecc.jpg.list
654,https://image.msscdn.net/data/estimate/685185_0/gallery_5f908262a4d44.jpg.list
655,https://image.msscdn.net/data/estimate/685185_0/gallery_5f7d7f14dcded.jpg.list
656,https://image.msscdn.net/data/estimate/685185_0/gallery_5ff2b020ab43a.jpg.list
657,https://image.msscdn.net/data/estimate/685185_0/gallery_5fd64356f2867.jpg.list
658,https://image.msscdn.net/data/estimate/685185_0/gallery_5f66bf0faee56.jpg.list
659,https://image.msscdn.net/data/estimate/685185_0/gallery_60b8db7a22edb.jpg.list
660,https://image.msscdn.net/data/estimate/685185_0/gallery_606d5a9c95bf0.jpg.list
661,https://image.msscdn.net/data/estimate/685185_0/gallery_5ff139b2839d9.jpg.list
662,https://image.msscdn.net/data/estimate/685185_0/gallery_6093772875337.jpg.list
663,https://image.msscdn.net/data/estimate/685185_0/gallery_60129798d623e.jpg.list
664,https://image.msscdn.net/data/estimate/685185_0/gallery_5fb32ee584943.jpg.list
665,https://image.msscdn.net/data/estimate/685185_0/gallery_60780a7a9a30f.jpg.list
666,https://image.msscdn.net/data/estimate/685185_0/gallery_605f0969822d9.jpg.list
667,https://image.msscdn.net/data/estimate/685186_0/gallery_6051570a10d73.jpg.list
668,https://image.msscdn.net/data/estimate/685185_0/gallery_5fcb878f6e307.jpg.list
669,https://image.msscdn.net/data/estimate/685185_0/gallery_5fb0238d77475.jpg.list
670,https://image.msscdn.net/data/estimate/685185_0/gallery_5f9d49fecc6ee.jpg.list
671,https://image.msscdn.net/data/estimate/685185_0/gallery_6048ab53b19fd.jpg.list
672,https://image.msscdn.net/data/estimate/685185_0/gallery_5ff341d00de88.jpg.list
673,https://image.msscdn.net/data/estimate/685185_0/gallery_5fc0de50323c6.jpg.list
674,https://image.msscdn.net/data/estimate/685185_0/gallery_605222e34a20d.jpg.list
675,https://image.msscdn.net/data/estimate/685185_0/gallery_5fddcf8370bf2.jpg.list
676,https://image.msscdn.net/data/estimate/685185_0/gallery_5f91598b8d8b4.jpg.list
677,https://image.msscdn.net/data/estimate/685185_0/gallery_5f7db18497650.jpg.list
678,https://image.msscdn.net/data/estimate/685185_0/gallery_5fb3a6343f242.jpg.list
679,https://image.msscdn.net/data/estimate/685185_0/gallery_6045c9f4dd560.jpg.list
680,https://image.msscdn.net/data/estimate/685185_0/gallery_5fb22e9c12639.jpg.list
681,https://image.msscdn.net/data/estimate/685185_0/gallery_5feab2cfd0c52.jpg.list
682,https://image.msscdn.net/data/estimate/685185_0/gallery_5fd4471db233d.jpg.list
683,https://image.msscdn.net/data/estimate/685185_0/gallery_6019a05f0a7cf.jpg.list
684,https://image.msscdn.net/data/estimate/685185_0/gallery_60bd98ed72e2c.jpg.list
685,https://image.msscdn.net/data/estimate/685185_0/gallery_601e75f4121b8.jpg.list
686,https://image.msscdn.net/data/estimate/685185_0/gallery_6012b529626c5.jpg.list
687,https://image.msscdn.net/data/estimate/685185_0/gallery_600c3440c8bb3.jpg.list
688,https://image.msscdn.net/data/estimate/685185_0/gallery_5fd89cffd2747.jpg.list
689,https://image.msscdn.net/data/estimate/685185_0/gallery_6056c3b2304b0.jpg.list
690,https://image.msscdn.net/data/estimate/685185_0/gallery_5fab71c40a6b5.jpg.list
691,https://image.msscdn.net/data/estimate/685185_0/gallery_5f62e41a341e7.jpg.list
692,https://image.msscdn.net/data/estimate/685185_0/gallery_5f6050c9258a4.jpg.list
693,https://image.msscdn.net/data/estimate/685185_0/gallery_5fcceb371e9a0.jpg.list
694,https://image.msscdn.net/data/estimate/685185_0/gallery_6017ce5fe25a5.jpg.list
695,https://image.msscdn.net/data/estimate/685185_0/gallery_5fb5e2cb7dde4.jpg.list
696,https://image.msscdn.net/data/estimate/685185_0/gallery_603dfaed3330b.jpg.list
697,https://image.msscdn.net/data/estimate/685185_0/gallery_5fc7773db36dd.jpg.list
698,https://image.msscdn.net/data/estimate/685185_0/gallery_5fa95f731eb6c.jpg.list
699,https://image.msscdn.net/data/estimate/685185_0/gallery_5f79b40698987.jpg.list
700,https://image.msscdn.net/data/estimate/685185_0/gallery_6065379af3f7a.jpg.list
701,https://image.msscdn.net/data/estimate/685185_0/gallery_5f79658c6ba7a.jpg.list
702,https://image.msscdn.net/data/estimate/685185_0/gallery_5f65bf227f2bc.jpg.list
703,https://image.msscdn.net/data/estimate/685185_0/gallery_6002805ebc002.jpg.list
704,https://image.msscdn.net/data/estimate/685185_0/gallery_5fa0939090d69.jpg.list
705,https://image.msscdn.net/data/estimate/685185_0/gallery_6042be8f68496.jpg.list
706,https://image.msscdn.net/data/estimate/685185_0/gallery_60e6c0712d81a.jpg.list
707,https://image.msscdn.net/data/estimate/685185_0/gallery_601be201a74ff.jpg.list
708,https://image.msscdn.net/data/estimate/685185_0/gallery_5f5c41a3cb888.jpg.list
709,https://image.msscdn.net/data/estimate/685185_0/gallery_5ff00e169a41e.jpg.list
710,https://image.msscdn.net/data/estimate/685185_0/gallery_604a9c4a78ce7.jpg.list
711,https://image.msscdn.net/data/estimate/685185_0/gallery_5f6c6a399f320.jpg.list
712,https://image.msscdn.net/data/estimate/685185_0/gallery_6065b48e3c72f.jpg.list
713,https://image.msscdn.net/data/estimate/685185_0/gallery_5f9d49fdc5259.jpg.list
714,https://image.msscdn.net/data/estimate/685185_0/gallery_5f94261a734bc.jpg.list
715,https://image.msscdn.net/data/estimate/685185_0/gallery_6004119ba008b.jpg.list
716,https://image.msscdn.net/data/estimate/685185_0/gallery_5fbe4635c04ba.jpg.list
717,https://image.msscdn.net/data/estimate/685185_0/gallery_6053f8f1d67e3.jpg.list
718,https://image.msscdn.net/data/estimate/685185_0/gallery_5fb33cfe0a41d.jpg.list
719,https://image.msscdn.net/data/estimate/685185_0/gallery_5fffc35cc63c2.jpg.list
720,https://image.msscdn.net/data/estimate/685185_0/gallery_60012221f3728.jpg.list
721,https://image.msscdn.net/data/estimate/685185_0/gallery_5f6b594b297b9.jpg.list
722,https://image.msscdn.net/data/estimate/685185_0/gallery_5fae1b27a3db8.jpg.list
723,https://image.msscdn.net/data/estimate/685185_0/gallery_61036b4620430.jpg.list
724,https://image.msscdn.net/data/estimate/685185_0/gallery_602f855ad7962.jpg.list
725,https://image.msscdn.net/data/estimate/685185_0/gallery_601d49a10c53c.jpg.list
726,https://image.msscdn.net/data/estimate/685185_0/gallery_5ffa6b9736f2d.jpg.list
727,https://image.msscdn.net/data/estimate/685185_0/gallery_5fe03732e7ff2.jpg.list
728,https://image.msscdn.net/data/estimate/685185_0/gallery_5fafe9bb3f78a.jpg.list
729,https://image.msscdn.net/data/estimate/685185_0/gallery_5f939fccaa45a.jpg.list
730,https://image.msscdn.net/data/estimate/685185_0/gallery_5f852f93a67e7.jpg.list
731,https://image.msscdn.net/data/estimate/685185_0/gallery_5f7bb1a71af52.jpg.list
732,https://image.msscdn.net/data/estimate/685185_0/gallery_60326e424b72f.jpg.list
733,https://image.msscdn.net/data/estimate/685185_0/gallery_5f5ccef4a9059.jpg.list
734,https://image.msscdn.net/data/estimate/685185_0/gallery_5f5387876e691.jpg.list
735,https://image.msscdn.net/data/estimate/685185_0/gallery_5f907d5148515.jpg.list
736,https://image.msscdn.net/data/estimate/685185_0/gallery_60780fa82c4bb.jpg.list
737,https://image.msscdn.net/data/estimate/685185_0/gallery_5fed8f8bbcf3d.jpg.list
738,https://image.msscdn.net/data/estimate/685185_0/gallery_5faf768046c97.jpg.list
739,https://image.msscdn.net/data/estimate/685185_0/gallery_6041a4c325bb2.jpg.list
740,https://image.msscdn.net/data/estimate/685185_0/gallery_5ff5c30c154c5.jpg.list
741,https://image.msscdn.net/data/estimate/685185_0/gallery_5fc07309e7430.jpg.list
742,https://image.msscdn.net/data/estimate/685185_0/gallery_5f853e46c64af.jpg.list
743,https://image.msscdn.net/data/estimate/685185_0/gallery_5fbef4861f98a.jpg.list
744,https://image.msscdn.net/data/estimate/685185_0/gallery_5fae3fb666bce.jpg.list
745,https://image.msscdn.net/data/estimate/685185_0/gallery_5fc1b54be1e1f.jpg.list
746,https://image.msscdn.net/data/estimate/685185_0/gallery_5fc21d7a562e1.jpg.list
747,https://image.msscdn.net/data/estimate/685185_0/gallery_6048835c24681.jpg.list
748,https://image.msscdn.net/data/estimate/685185_0/gallery_60313a1d9a916.jpg.list
749,https://image.msscdn.net/data/estimate/685185_0/gallery_6062ec72f38a0.jpg.list
750,https://image.msscdn.net/data/estimate/685185_0/gallery_5ffaf37b590f7.jpg.list
751,https://image.msscdn.net/data/estimate/685185_0/gallery_609694a1f0813.jpg.list
752,https://image.msscdn.net/data/estimate/685185_0/gallery_60164633620a3.jpg.list
753,https://image.msscdn.net/data/estimate/685185_0/gallery_5fd1e1bb7293c.jpg.list
754,https://image.msscdn.net/data/estimate/685185_0/gallery_5faaffa3a9bee.jpg.list
755,https://image.msscdn.net/data/estimate/685185_0/gallery_60724e01a185e.jpg.list
756,https://image.msscdn.net/data/estimate/685185_0/gallery_5ffc41f595260.jpg.list
757,https://image.msscdn.net/data/estimate/685185_0/gallery_604f5b2e790fd.jpg.list
758,https://image.msscdn.net/data/estimate/685185_0/gallery_5fe82db0a31a3.jpg.list
759,https://image.msscdn.net/data/estimate/685185_0/gallery_5fd741c25a231.jpg.list
760,https://image.msscdn.net/data/estimate/685185_0/gallery_6071b8ae8fae6.jpg.list
761,https://image.msscdn.net/data/estimate/685185_0/gallery_5fad159a917c4.jpg.list
762,https://image.msscdn.net/data/estimate/685185_0/gallery_5fa2ad3b70ea4.jpg.list
763,https://image.msscdn.net/data/estimate/685185_0/gallery_60cf62a083ff6.jpg.list
764,https://image.msscdn.net/data/estimate/685185_0/gallery_5f7e888f68849.jpg.list
765,https://image.msscdn.net/data/estimate/685185_0/gallery_5fcf7259c39e9.jpg.list
766,https://image.msscdn.net/data/estimate/685185_0/gallery_5fa9440372128.jpg.list
767,https://image.msscdn.net/data/estimate/685185_0/gallery_6001678674ab3.jpg.list
768,https://image.msscdn.net/data/estimate/685185_0/gallery_5fe047e2aeeba.jpg.list
769,https://image.msscdn.net/data/estimate/685185_0/gallery_5fc7c9be68045.jpg.list
770,https://image.msscdn.net/data/estimate/685185_0/gallery_5f662a04c2101.jpg.list
771,https://image.msscdn.net/data/estimate/685185_0/gallery_5f9cf765ef9e8.jpg.list
772,https://image.msscdn.net/data/estimate/685185_0/gallery_60859386ee324.jpg.list
773,https://image.msscdn.net/data/estimate/685185_0/gallery_600254eeb365f.jpg.list
774,https://image.msscdn.net/data/estimate/685185_0/gallery_5fa67cb03f821.jpg.list
775,https://image.msscdn.net/data/estimate/685185_0/gallery_5f927a8f70826.jpg.list
776,https://image.msscdn.net/data/estimate/685185_0/gallery_5f8fb67c68021.jpg.list
777,https://image.msscdn.net/data/estimate/685185_0/gallery_5f966d87a8fbb.jpg.list
778,https://image.msscdn.net/data/estimate/685185_0/gallery_5f7424f0d241f.jpg.list
779,https://image.msscdn.net/data/estimate/685185_0/gallery_5f5456284bcb1.jpg.list
780,https://image.msscdn.net/data/estimate/685185_0/gallery_5f82cd0fc0ae2.jpg.list
781,https://image.msscdn.net/data/estimate/685185_0/gallery_6005270e056dd.jpg.list
782,https://image.msscdn.net/data/estimate/685185_0/gallery_5f6db2f9bdc8d.jpg.list
783,https://image.msscdn.net/data/estimate/685185_0/gallery_5f8ba7631ce37.jpg.list
784,https://image.msscdn.net/data/estimate/685185_0/gallery_6025481429904.jpg.list
785,https://image.msscdn.net/data/estimate/685185_0/gallery_5fad17670e20a.jpg.list
786,https://image.msscdn.net/data/estimate/685185_0/gallery_5f662ad5bb94f.jpg.list
787,https://image.msscdn.net/data/estimate/685185_0/gallery_607c2f7ff12ee.jpg.list
788,https://image.msscdn.net/data/estimate/685185_0/gallery_6052083f89cff.jpg.list
789,https://image.msscdn.net/data/estimate/685185_0/gallery_5fffdac2ab5ee.jpg.list
790,https://image.msscdn.net/data/estimate/685185_0/gallery_5f9ea3971ac38.jpg.list
791,https://image.msscdn.net/data/estimate/685185_0/gallery_5ffc73835a508.jpg.list
792,https://image.msscdn.net/data/estimate/685185_0/gallery_5fce09069cec7.jpg.list
793,https://image.msscdn.net/data/estimate/685185_0/gallery_5fae8a72010b4.jpg.list
794,https://image.msscdn.net/data/estimate/685185_0/gallery_60431a3d6981f.jpg.list
795,https://image.msscdn.net/data/estimate/685185_0/gallery_5f72f75c9516e.jpg.list
796,https://image.msscdn.net/data/estimate/685185_0/gallery_5ffc47a2060c7.jpg.list
797,https://image.msscdn.net/data/estimate/685185_0/gallery_5fd6e1228eb6a.jpg.list
798,https://image.msscdn.net/data/estimate/685185_0/gallery_5fc21d78eeb41.jpg.list
799,https://image.msscdn.net/data/estimate/685185_0/gallery_6059acb5451c6.jpg.list
800,https://image.msscdn.net/data/estimate/685185_0/gallery_600a7619ce1cf.jpg.list
801,https://image.msscdn.net/data/estimate/685185_0/gallery_60040ca0437f9.jpg.list
802,https://image.msscdn.net/data/estimate/685185_0/gallery_600032b844e40.jpg.list
803,https://image.msscdn.net/data/estimate/685185_0/gallery_5f7338323da3f.jpg.list
804,https://image.msscdn.net/data/estimate/685185_0/gallery_5fcb68e51ffd7.jpg.list
805,https://image.msscdn.net/data/estimate/685185_0/gallery_603cd32a21de1.jpg.list
806,https://image.msscdn.net/data/estimate/685185_0/gallery_604b4806e4151.jpg.list
807,https://image.msscdn.net/data/estimate/685185_0/gallery_5ff419885debc.jpg.list
808,https://image.msscdn.net/data/estimate/685185_0/gallery_5f98d2a32bb98.jpg.list
809,https://image.msscdn.net/data/estimate/685185_0/gallery_60bdd29371799.jpg.list
810,https://image.msscdn.net/data/estimate/685185_0/gallery_609c99a34a23e.jpg.list
811,https://image.msscdn.net/data/estimate/685185_0/gallery_5fe82db00677f.jpg.list
812,https://image.msscdn.net/data/estimate/685185_0/gallery_603eccb87054a.jpg.list
813,https://image.msscdn.net/data/estimate/685185_0/gallery_5f75bb3a1f609.jpg.list
814,https://image.msscdn.net/data/estimate/685185_0/gallery_5fab9bcd721a2.jpg.list
815,https://image.msscdn.net/data/estimate/685185_0/gallery_61057b9c93426.jpg.list
816,https://image.msscdn.net/data/estimate/685185_0/gallery_605c22190e241.jpg.list
817,https://image.msscdn.net/data/estimate/685185_0/gallery_5f9181a5692ae.jpg.list
818,https://image.msscdn.net/data/estimate/685185_0/gallery_5fe0286b6f5a2.jpg.list
819,https://image.msscdn.net/data/estimate/685185_0/gallery_5f69e7f6319e9.jpg.list
820,https://image.msscdn.net/data/estimate/685185_0/gallery_5fdb6c33defda.jpg.list
821,https://image.msscdn.net/data/estimate/685185_0/gallery_5f59a679048f1.jpg.list
822,https://image.msscdn.net/data/estimate/685185_0/gallery_5fe12034cb555.jpg.list
823,https://image.msscdn.net/data/estimate/685185_0/gallery_5f90243b6f017.jpg.list
824,https://image.msscdn.net/data/estimate/685185_0/gallery_5f853bcd58de8.jpg.list
825,https://image.msscdn.net/data/estimate/685185_0/gallery_5f640e72c2785.jpg.list
826,https://image.msscdn.net/data/estimate/685185_0/gallery_6093eb526f817.jpg.list
827,https://image.msscdn.net/data/estimate/685185_0/gallery_5fdf2307c61d8.jpg.list
828,https://image.msscdn.net/data/estimate/685185_0/gallery_5f7c4902b9617.jpg.list
829,https://image.msscdn.net/data/estimate/685185_0/gallery_6015232e2cfe7.jpg.list
830,https://image.msscdn.net/data/estimate/685185_0/gallery_5fedf08821f39.jpg.list
831,https://image.msscdn.net/data/estimate/685185_0/gallery_5f97d08d2b3eb.jpg.list
832,https://image.msscdn.net/data/estimate/685185_0/gallery_5fcc4b61f0a3c.jpg.list
833,https://image.msscdn.net/data/estimate/685185_0/gallery_5face73df0c21.jpg.list
834,https://image.msscdn.net/data/estimate/685185_0/gallery_5fafa5c15b3e2.jpg.list
835,https://image.msscdn.net/data/estimate/685185_0/gallery_5f7e888eac1c0.jpg.list
836,https://image.msscdn.net/data/estimate/685185_0/gallery_5f6ee95b1c17c.jpg.list
837,https://image.msscdn.net/data/estimate/685185_0/gallery_5ffd6669d8ca1.jpg.list
838,https://image.msscdn.net/data/estimate/685185_0/gallery_5fa8270bbf6be.jpg.list
839,https://image.msscdn.net/data/estimate/685185_0/gallery_604d874dae55a.jpg.list
840,https://image.msscdn.net/data/estimate/685185_0/gallery_5f9ea1cc7803e.jpg.list
841,https://image.msscdn.net/data/estimate/685185_0/gallery_603774fcdf4bf.jpg.list
842,https://image.msscdn.net/data/estimate/685185_0/gallery_60aae5358786a.jpg.list
843,https://image.msscdn.net/data/estimate/685185_0/gallery_5fc269e113e7d.jpg.list
844,https://image.msscdn.net/data/estimate/685185_0/gallery_5f72b6c6e4dbd.jpg.list
845,https://image.msscdn.net/data/estimate/685185_0/gallery_5f9e0e3c2f26f.jpg.list
846,https://image.msscdn.net/data/estimate/685185_0/gallery_608036b7edb9a.jpg.list
847,https://image.msscdn.net/data/estimate/685185_0/gallery_5f9fb63093d73.jpg.list
848,https://image.msscdn.net/data/estimate/685185_0/gallery_5fa7c549b6573.jpg.list
849,https://image.msscdn.net/data/estimate/685185_0/gallery_5f5cf9c7e26ac.jpg.list
850,https://image.msscdn.net/data/estimate/685185_0/gallery_60b371e72fb1a.jpg.list
851,https://image.msscdn.net/data/estimate/685185_0/gallery_5f59b78130638.jpg.list
852,https://image.msscdn.net/data/estimate/685185_0/gallery_6043048889c80.jpg.list
853,https://image.msscdn.net/data/estimate/685185_0/gallery_602f574233f14.jpg.list
854,https://image.msscdn.net/data/estimate/685185_0/gallery_60dbdc396d0ab.jpg.list
855,https://image.msscdn.net/data/estimate/685185_0/gallery_603a72ce9ccff.jpg.list
856,https://image.msscdn.net/data/estimate/685185_0/gallery_602ccf6f7716b.jpg.list
857,https://image.msscdn.net/data/estimate/685185_0/gallery_60057af39f774.jpg.list
858,https://image.msscdn.net/data/estimate/685185_0/gallery_5fd6f61ecf830.jpg.list
859,https://image.msscdn.net/data/estimate/685185_0/gallery_5fcbbd47ca93e.jpg.list
860,https://image.msscdn.net/data/estimate/685185_0/gallery_5f7d828640724.jpg.list
861,https://image.msscdn.net/data/estimate/685185_0/gallery_603f2a8e66e9c.jpg.list
862,https://image.msscdn.net/data/estimate/685185_0/gallery_600adb8058de7.jpg.list
863,https://image.msscdn.net/data/estimate/685185_0/gallery_5fb11c4e9f146.jpg.list
864,https://image.msscdn.net/data/estimate/685185_0/gallery_5fa6bfe229343.jpg.list
865,https://image.msscdn.net/data/estimate/685185_0/gallery_5fe73e64b5ea2.jpg.list
866,https://image.msscdn.net/data/estimate/685185_0/gallery_603ca6c0a4d3f.jpg.list
867,https://image.msscdn.net/data/estimate/685185_0/gallery_5fec6175adc93.jpg.list
868,https://image.msscdn.net/data/estimate/685185_0/gallery_5fa8d527d9b7e.jpg.list
869,https://image.msscdn.net/data/estimate/685185_0/gallery_5f681cc8ec84c.jpg.list
870,https://image.msscdn.net/data/estimate/685185_0/gallery_5fa4b03c0b102.jpg.list
871,https://image.msscdn.net/data/estimate/685185_0/gallery_5f7fd386cab11.jpg.list
872,https://image.msscdn.net/data/estimate/685185_0/gallery_5fad401c3ad06.jpg.list
873,https://image.msscdn.net/data/estimate/685185_0/gallery_609a6db815cfa.jpg.list
874,https://image.msscdn.net/data/estimate/685185_0/gallery_5ff9007841879.jpg.list
875,https://image.msscdn.net/data/estimate/685185_0/gallery_5f5eee821aa8b.jpg.list
876,https://image.msscdn.net/data/estimate/685185_0/gallery_5f98af78bf848.jpg.list
877,https://image.msscdn.net/data/estimate/685185_0/gallery_5fc1382340382.jpg.list
878,https://image.msscdn.net/data/estimate/685185_0/gallery_605c6c95be9c8.jpg.list
879,https://image.msscdn.net/data/estimate/685185_0/gallery_5f87086451d97.jpg.list
880,https://image.msscdn.net/data/estimate/685185_0/gallery_5f8031ed34a30.jpg.list
881,https://image.msscdn.net/data/estimate/685185_0/gallery_5f66edb304f5a.jpg.list
882,https://image.msscdn.net/data/estimate/685185_0/gallery_5f87fbd71724f.jpg.list
883,https://image.msscdn.net/data/estimate/685185_0/gallery_6021f67a38b0d.jpg.list
884,https://image.msscdn.net/data/estimate/685185_0/gallery_5f5e5366c935e.jpg.list
885,https://image.msscdn.net/data/estimate/685185_0/gallery_5fe3560e583b9.jpg.list
886,https://image.msscdn.net/data/estimate/685185_0/gallery_5fa550d393e51.jpg.list
887,https://image.msscdn.net/data/estimate/685185_0/gallery_604314985fd7b.jpg.list
888,https://image.msscdn.net/data/estimate/685185_0/gallery_5fb8bd1287de1.jpg.list
889,https://image.msscdn.net/data/estimate/685185_0/gallery_5f96e505173fe.jpg.list
890,https://image.msscdn.net/data/estimate/685185_0/gallery_602d04eca4311.jpg.list
891,https://image.msscdn.net/data/estimate/685185_0/gallery_5fdbfe153db2f.jpg.list
892,https://image.msscdn.net/data/estimate/685185_0/gallery_5f8856d82311b.jpg.list
893,https://image.msscdn.net/data/estimate/685185_0/gallery_5f92e30197059.jpg.list
894,https://image.msscdn.net/data/estimate/685185_0/gallery_5f61fdde26df3.jpg.list
895,https://image.msscdn.net/data/estimate/685185_0/gallery_5f589840acc79.jpg.list
896,https://image.msscdn.net/data/estimate/685185_0/gallery_604a9c4935e6a.jpg.list
897,https://image.msscdn.net/data/estimate/685185_0/gallery_5f8c19e8ecd5a.jpg.list
898,https://image.msscdn.net/data/estimate/685185_0/gallery_60ed3bb114eeb.jpg.list
899,https://image.msscdn.net/data/estimate/685185_0/gallery_60c46594bdd6a.jpg.list
900,https://image.msscdn.net/data/estimate/685185_0/gallery_60098b6cd1dc3.jpg.list
901,https://image.msscdn.net/data/estimate/685185_0/gallery_5f8aebc135265.jpg.list
902,https://image.msscdn.net/data/estimate/685185_0/gallery_6103acf8982a2.jpg.list
903,https://image.msscdn.net/data/estimate/685185_0/gallery_5ff10e37a0392.jpg.list
904,https://image.msscdn.net/data/estimate/685185_0/gallery_5f7c258e09ffa.jpg.list
905,https://image.msscdn.net/data/estimate/685185_0/gallery_5f8508b2cd1f3.jpg.list
906,https://image.msscdn.net/data/estimate/685185_0/gallery_6062ec7206a0a.jpg.list
907,https://image.msscdn.net/data/estimate/685185_0/gallery_60012222af578.jpg.list
908,https://image.msscdn.net/data/estimate/685185_0/gallery_5f9ae0efb53bf.jpg.list
909,https://image.msscdn.net/data/estimate/685185_0/gallery_5fae291c6cee6.jpg.list
910,https://image.msscdn.net/data/estimate/685185_0/gallery_5fb1db7de20a8.jpg.list
911,https://image.msscdn.net/data/estimate/685185_0/gallery_5f61f8e812d8b.jpg.list
912,https://image.msscdn.net/data/estimate/685185_0/gallery_5f61e9ff87b72.jpg.list
913,https://image.msscdn.net/data/estimate/685185_0/gallery_5f5b3caf8a023.jpg.list
914,https://image.msscdn.net/data/estimate/685185_0/gallery_5f755a38bf820.jpg.list
915,https://image.msscdn.net/data/estimate/685185_0/gallery_5fd07fdc35392.jpg.list
916,https://image.msscdn.net/data/estimate/685185_0/gallery_60b3404c1292f.jpg.list
917,https://image.msscdn.net/data/estimate/685185_0/gallery_60ff584acd7e6.jpg.list
918,https://image.msscdn.net/data/estimate/685185_0/gallery_5fc8c59557ead.jpg.list
919,https://image.msscdn.net/data/estimate/685185_0/gallery_5f93126070c87.jpg.list
920,https://image.msscdn.net/data/estimate/685185_0/gallery_5f91e794e7de0.jpg.list
921,https://image.msscdn.net/data/estimate/685185_0/gallery_5fb87315c2747.jpg.list
922,https://image.msscdn.net/data/estimate/685185_0/gallery_60c77085838a7.jpg.list
923,https://image.msscdn.net/data/estimate/685185_0/gallery_60057b2b83efc.jpg.list
924,https://image.msscdn.net/data/estimate/685185_0/gallery_6012f143947fb.jpg.list
925,https://image.msscdn.net/data/estimate/685185_0/gallery_5fb3a94007527.jpg.list
926,https://image.msscdn.net/data/estimate/685185_0/gallery_600012afc4847.jpg.list
927,https://image.msscdn.net/data/estimate/685185_0/gallery_60828fa6d819c.jpg.list
928,https://image.msscdn.net/data/estimate/685185_0/gallery_60306b1b617f7.jpg.list
929,https://image.msscdn.net/data/estimate/685185_0/gallery_6072bb3c857b5.jpg.list
930,https://image.msscdn.net/data/estimate/685185_0/gallery_604b2f6e48474.jpg.list
931,https://image.msscdn.net/data/estimate/685185_0/gallery_5f8bcae2e5afc.jpg.list
932,https://image.msscdn.net/data/estimate/685185_0/gallery_60b619c914e1b.jpg.list
933,https://image.msscdn.net/data/estimate/685185_0/gallery_5fb3a6335f269.jpg.list
934,https://image.msscdn.net/data/estimate/685185_0/gallery_604c01df7af11.jpg.list
935,https://image.msscdn.net/data/estimate/685185_0/gallery_5f6309c57f699.jpg.list
936,https://image.msscdn.net/data/estimate/685185_0/gallery_5fec8c6588ce5.jpg.list
937,https://image.msscdn.net/data/estimate/685185_0/gallery_5f9176d00c99e.jpg.list
938,https://image.msscdn.net/data/estimate/685185_0/gallery_5fcb05139caff.jpg.list
939,https://image.msscdn.net/data/estimate/685185_0/gallery_5fc9f16210435.jpg.list
940,https://image.msscdn.net/data/estimate/685186_0/gallery_605157083bd6a.jpg.list
941,https://image.msscdn.net/data/estimate/685185_0/gallery_5fc7b6b07d233.jpg.list
942,https://image.msscdn.net/data/estimate/685185_0/gallery_6089f2a1c5ab6.jpg.list
943,https://image.msscdn.net/data/estimate/685185_0/gallery_60246fc9127aa.jpg.list
944,https://image.msscdn.net/data/estimate/685185_0/gallery_60516e35186cd.jpg.list
945,https://image.msscdn.net/data/estimate/685185_0/gallery_5fc8a11fc7009.jpg.list
946,https://image.msscdn.net/data/estimate/685185_0/gallery_602cc91a55da1.jpg.list
947,https://image.msscdn.net/data/estimate/685185_0/gallery_601a8b946e1d0.jpg.list
948,https://image.msscdn.net/data/estimate/685185_0/gallery_5fab8668a94a1.jpg.list
949,https://image.msscdn.net/data/estimate/685185_0/gallery_5f8f74449af02.jpg.list
950,https://image.msscdn.net/data/estimate/685185_0/gallery_6035f1e920687.jpg.list
951,https://image.msscdn.net/data/estimate/685185_0/gallery_5fc3b9cd7fd4a.jpg.list
952,https://image.msscdn.net/data/estimate/685185_0/gallery_5ffb229db0feb.jpg.list
953,https://image.msscdn.net/data/estimate/685185_0/gallery_5fdf3abe61811.jpg.list
954,https://image.msscdn.net/data/estimate/685185_0/gallery_609a048908b2e.jpg.list
955,https://image.msscdn.net/data/estimate/685185_0/gallery_5f61927c823fd.jpg.list
956,https://image.msscdn.net/data/estimate/685185_0/gallery_5f5dce44b0d38.jpg.list
957,https://image.msscdn.net/data/estimate/685185_0/gallery_6012b527f3f3c.jpg.list
958,https://image.msscdn.net/data/estimate/685185_0/gallery_60194ba1a0c04.jpg.list
959,https://image.msscdn.net/data/estimate/685185_0/gallery_6084ec4f98cd0.jpg.list
960,https://image.msscdn.net/data/estimate/685185_0/gallery_6045b7bb00fad.jpg.list
961,https://image.msscdn.net/data/estimate/685185_0/gallery_6008004c74bee.jpg.list
962,https://image.msscdn.net/data/estimate/685185_0/gallery_6037158384541.jpg.list
963,https://image.msscdn.net/data/estimate/685185_0/gallery_5fe1b80293456.jpg.list
964,https://image.msscdn.net/data/estimate/685185_0/gallery_5fa1704e8b10b.jpg.list
965,https://image.msscdn.net/data/estimate/685185_0/gallery_5fd4140d25ee9.jpg.list
966,https://image.msscdn.net/data/estimate/685185_0/gallery_5fa6978e03e64.jpg.list
967,https://image.msscdn.net/data/estimate/685185_0/gallery_5fbe35baef780.jpg.list
968,https://image.msscdn.net/data/estimate/685185_0/gallery_60a39747da363.jpg.list
969,https://image.msscdn.net/data/estimate/685185_0/gallery_5fe01846d57e5.jpg.list
970,https://image.msscdn.net/data/estimate/685185_0/gallery_5fc0619613d01.jpg.list
971,https://image.msscdn.net/data/estimate/685185_0/gallery_6076d9c653375.jpg.list
972,https://image.msscdn.net/data/estimate/685185_0/gallery_6060222c7845b.jpg.list
973,https://image.msscdn.net/data/estimate/685185_0/gallery_5fd80c8044ba1.jpg.list
974,https://image.msscdn.net/data/estimate/685185_0/gallery_5f6db9a30a64e.jpg.list
975,https://image.msscdn.net/data/estimate/685185_0/gallery_60c422f16c206.jpg.list
976,https://image.msscdn.net/data/estimate/685185_0/gallery_60587e2bc4e53.jpg.list
977,https://image.msscdn.net/data/estimate/685185_0/gallery_60e07d65191f1.jpg.list
978,https://image.msscdn.net/data/estimate/685185_0/gallery_60398284746b0.jpg.list
979,https://image.msscdn.net/data/estimate/685185_0/gallery_603310ba028de.jpg.list
980,https://image.msscdn.net/data/estimate/685185_0/gallery_601bc766b384f.jpg.list
981,https://image.msscdn.net/data/estimate/685185_0/gallery_602f7a9aaa796.jpg.list
982,https://image.msscdn.net/data/estimate/685185_0/gallery_5fd0a009b8e7b.jpg.list
983,https://image.msscdn.net/data/estimate/685185_0/gallery_5fcafce365dca.jpg.list
984,https://image.msscdn.net/data/estimate/685185_0/gallery_5fae9a5dba1ae.jpg.list
985,https://image.msscdn.net/data/estimate/685185_0/gallery_6046d8350312a.jpg.list
986,https://image.msscdn.net/data/estimate/685185_0/gallery_5fff14fac66b3.jpg.list
987,https://image.msscdn.net/data/estimate/685185_0/gallery_5ff682c6aa049.jpg.list
988,https://image.msscdn.net/data/estimate/685185_0/gallery_60bb25693f62e.jpg.list
989,https://image.msscdn.net/data/estimate/685185_0/gallery_60cff7bd5b434.jpg.list
990,https://image.msscdn.net/data/estimate/685185_0/gallery_6061e30c40dba.jpg.list
991,https://image.msscdn.net/data/estimate/685185_0/gallery_5facb8fc76a00.jpg.list
992,https://image.msscdn.net/data/estimate/685185_0/gallery_5f9a889a85c63.jpg.list
993,https://image.msscdn.net/data/estimate/685185_0/gallery_5f9966d0d0dd3.jpg.list
994,https://image.msscdn.net/data/estimate/685185_0/gallery_5f96cef510c8e.jpg.list
995,https://image.msscdn.net/data/estimate/685185_0/gallery_5fa9b47dd0aa2.jpg.list
996,https://image.msscdn.net/data/estimate/685185_0/gallery_5f93cf18df92e.jpg.list
997,https://image.msscdn.net/data/estimate/685185_0/gallery_5fd741c325c39.jpg.list
998,https://image.msscdn.net/data/estimate/685185_0/gallery_5f8c19e9cef48.jpg.list
999,https://image.msscdn.net/data/estimate/685185_0/gallery_603608dc70e43.jpg.list
1000,https://image.msscdn.net/data/estimate/685185_0/gallery_5f5f577290a54.jpg.list
1001,https://image.msscdn.net/data/estimate/685185_0/gallery_5fcc58ef29a6c.jpg.list
1002,https://image.msscdn.net/data/estimate/685185_0/gallery_5feb10da4346e.jpg.list
1003,https://image.msscdn.net/data/estimate/685185_0/gallery_5fc27e0a717c4.jpg.list
1004,https://image.msscdn.net/data/estimate/685185_0/gallery_5faae09a7a19a.jpg.list
1005,https://image.msscdn.net/data/estimate/685185_0/gallery_5f6b594c18d44.jpg.list
1006,https://image.msscdn.net/data/estimate/685185_0/gallery_5fd89cfe42806.jpg.list
1007,https://image.msscdn.net/data/estimate/685185_0/gallery_60c4839203dff.jpg.list
1008,https://image.msscdn.net/data/estimate/685185_0/gallery_60680fa34c312.jpg.list
1009,https://image.msscdn.net/data/estimate/685185_0/gallery_605243ee8fecd.jpg.list
1010,https://image.msscdn.net/data/estimate/685185_0/gallery_6048d180d683d.jpg.list
1011,https://image.msscdn.net/data/estimate/685185_0/gallery_60ac9fef9b7d1.jpg.list
1012,https://image.msscdn.net/data/estimate/685185_0/gallery_60116c84162ba.jpg.list
1013,https://image.msscdn.net/data/estimate/685185_0/gallery_5fc9d2336d460.jpg.list
1014,https://image.msscdn.net/data/estimate/685185_0/gallery_6041b8620785b.jpg.list
1015,https://image.msscdn.net/data/estimate/685185_0/gallery_5fc2580a4ab59.jpg.list
1016,https://image.msscdn.net/data/estimate/685185_0/gallery_5f95289b223fa.jpg.list
1017,https://image.msscdn.net/data/estimate/685185_0/gallery_5f9aebe45cdbe.jpg.list
1018,https://image.msscdn.net/data/estimate/685185_0/gallery_600c19a8deea0.jpg.list
1019,https://image.msscdn.net/data/estimate/685185_0/gallery_6002cbcd3d379.jpg.list
1020,https://image.msscdn.net/data/estimate/685185_0/gallery_5fb39f5209eac.jpg.list
1021,https://image.msscdn.net/data/estimate/685185_0/gallery_5fa02ed450a50.jpg.list
1022,https://image.msscdn.net/data/estimate/685185_0/gallery_5feaae4f414f7.jpg.list
1023,https://image.msscdn.net/data/estimate/685187_0/gallery_60608a67a92dd.jpg.list
1024,https://image.msscdn.net/data/estimate/685185_0/gallery_60b729c3aaa00.jpg.list
1025,https://image.msscdn.net/data/estimate/685185_0/gallery_6073c57d50197.jpg.list
1026,https://image.msscdn.net/data/estimate/685185_0/gallery_5facf236858b4.jpg.list
1027,https://image.msscdn.net/data/estimate/685185_0/gallery_5f65a45a95768.jpg.list
1028,https://image.msscdn.net/data/estimate/685185_0/gallery_6087759e7c3c7.jpg.list
1029,https://image.msscdn.net/data/estimate/685185_0/gallery_5f8fa8ea4e79f.jpg.list
1030,https://image.msscdn.net/data/estimate/685185_0/gallery_605451db3ceb2.jpg.list
1031,https://image.msscdn.net/data/estimate/685185_0/gallery_5f6d520ad3e7d.jpg.list
1032,https://image.msscdn.net/data/estimate/685186_0/gallery_5f6ef8487110c.jpg.list
1033,https://image.msscdn.net/data/estimate/685185_0/gallery_5f6e109fa3694.jpg.list
1034,https://image.msscdn.net/data/estimate/685185_0/gallery_606f1d94cf3c1.jpg.list
1035,https://image.msscdn.net/data/estimate/685185_0/gallery_605a1901792e0.jpg.list
1036,https://image.msscdn.net/data/estimate/685185_0/gallery_5fc8c5961500d.jpg.list
1037,https://image.msscdn.net/data/estimate/685185_0/gallery_5f96e133d3765.jpg.list
1038,https://image.msscdn.net/data/estimate/685185_0/gallery_602fa923be59d.jpg.list
1039,https://image.msscdn.net/data/estimate/685185_0/gallery_5fe930587b544.jpg.list
1040,https://image.msscdn.net/data/estimate/685185_0/gallery_60254bc30149b.jpg.list
1041,https://image.msscdn.net/data/estimate/685185_0/gallery_6041c075eea4f.jpg.list
1042,https://image.msscdn.net/data/estimate/685185_0/gallery_5fc6674d3629d.jpg.list
1043,https://image.msscdn.net/data/estimate/685185_0/gallery_5f69518b403df.jpg.list
1044,https://image.msscdn.net/data/estimate/685185_0/gallery_606d79347d86f.jpg.list
1045,https://image.msscdn.net/data/estimate/685185_0/gallery_601b9b292d34f.jpg.list
1046,https://image.msscdn.net/data/estimate/685185_0/gallery_5fd6435640201.jpg.list
1047,https://image.msscdn.net/data/estimate/685185_0/gallery_5fd34eeaa46de.jpg.list
1048,https://image.msscdn.net/data/estimate/685185_0/gallery_610690175e1e0.jpg.list
1049,https://image.msscdn.net/data/estimate/685185_0/gallery_5fa32890ee0e4.jpg.list
1050,https://image.msscdn.net/data/estimate/685185_0/gallery_5fb0da2741634.jpg.list
1051,https://image.msscdn.net/data/estimate/685185_0/gallery_5fb2967b2fbe8.jpg.list
1052,https://image.msscdn.net/data/estimate/685185_0/gallery_6046281f4708c.jpg.list
1053,https://image.msscdn.net/data/estimate/685185_0/gallery_6003f9be43b2a.jpg.list
1054,https://image.msscdn.net/data/estimate/685185_0/gallery_61002ca2b226c.jpg.list
1055,https://image.msscdn.net/data/estimate/685185_0/gallery_5fe97b17816bb.jpg.list
1056,https://image.msscdn.net/data/estimate/685185_0/gallery_5fbf46573523f.jpg.list
1057,https://image.msscdn.net/data/estimate/685185_0/gallery_6059c500d1da5.jpg.list
1058,https://image.msscdn.net/data/estimate/685185_0/gallery_5fa4b03b08358.jpg.list
1059,https://image.msscdn.net/data/estimate/685185_0/gallery_6045e3401856d.jpg.list
1060,https://image.msscdn.net/data/estimate/685185_0/gallery_6013c45268dd2.jpg.list
1061,https://image.msscdn.net/data/estimate/685185_0/gallery_60865fd14f2ed.jpg.list
1062,https://image.msscdn.net/data/estimate/685185_0/gallery_5f8e6b9d9e348.jpg.list
1063,https://image.msscdn.net/data/estimate/685185_0/gallery_5fbb171e9abd0.jpg.list
1064,https://image.msscdn.net/data/estimate/685185_0/gallery_600ad1377ad4c.jpg.list
1065,https://image.msscdn.net/data/estimate/685185_0/gallery_5f79788a5f8a2.jpg.list
1066,https://image.msscdn.net/data/estimate/685185_0/gallery_5fa8b1162e113.jpg.list
1067,https://image.msscdn.net/data/estimate/685185_0/gallery_602fb1fe94533.jpg.list
1068,https://image.msscdn.net/data/estimate/685185_0/gallery_5f63780a192b6.jpg.list
1069,https://image.msscdn.net/data/estimate/685185_0/gallery_601e1ca5d3f5d.jpg.list
1070,https://image.msscdn.net/data/estimate/685185_0/gallery_5fb283dd49728.jpg.list
1071,https://image.msscdn.net/data/estimate/685185_0/gallery_60486a457348d.jpg.list
1072,https://image.msscdn.net/data/estimate/685185_0/gallery_5fd46dab62820.jpg.list
1073,https://image.msscdn.net/data/estimate/685185_0/gallery_5fe49b2c948d0.jpg.list
1074,https://image.msscdn.net/data/estimate/685185_0/gallery_5f7966e08064a.jpg.list
1075,https://image.msscdn.net/data/estimate/685185_0/gallery_5f65b8e776327.jpg.list
1076,https://image.msscdn.net/data/estimate/685185_0/gallery_5fc3b9ccd627b.jpg.list
1077,https://image.msscdn.net/data/estimate/685185_0/gallery_5f8976e507244.jpg.list
1078,https://image.msscdn.net/data/estimate/685185_0/gallery_5fd783ad83b44.jpg.list
1079,https://image.msscdn.net/data/estimate/685185_0/gallery_60487f7f6c1d4.jpg.list
1080,https://image.msscdn.net/data/estimate/685185_0/gallery_608a788302f28.jpg.list
1081,https://image.msscdn.net/data/estimate/685185_0/gallery_6002cbecda610.jpg.list
1082,https://image.msscdn.net/data/estimate/685185_0/gallery_5fe867c0d4596.jpg.list
1083,https://image.msscdn.net/data/estimate/685185_0/gallery_5fd741c407362.jpg.list
1084,https://image.msscdn.net/data/estimate/685185_0/gallery_5fc15bc5447d2.jpg.list
1085,https://image.msscdn.net/data/estimate/685185_0/gallery_5f6058d09e543.jpg.list
1086,https://image.msscdn.net/data/estimate/685185_0/gallery_60436cfc19831.jpg.list
1087,https://image.msscdn.net/data/estimate/685185_0/gallery_6020104e01813.jpg.list
1088,https://image.msscdn.net/data/estimate/685185_0/gallery_6038ddd509b97.jpg.list
1089,https://image.msscdn.net/data/estimate/685185_0/gallery_5fd841341807c.jpg.list
1090,https://image.msscdn.net/data/estimate/685185_0/gallery_608cc7c44c7f6.jpg.list
1091,https://image.msscdn.net/data/estimate/685185_0/gallery_5ffc6ff3ca7ab.jpg.list
1092,https://image.msscdn.net/data/estimate/685185_0/gallery_605adb37540e1.jpg.list
1093,https://image.msscdn.net/data/estimate/685185_0/gallery_61018ec8652a3.jpg.list
1094,https://image.msscdn.net/data/estimate/685185_0/gallery_5f7ae96adfca7.jpg.list
1095,https://image.msscdn.net/data/estimate/685185_0/gallery_605377c26afd7.jpg.list
1096,https://image.msscdn.net/data/estimate/685185_0/gallery_60e4b80aaef3d.jpg.list
1097,https://image.msscdn.net/data/estimate/685185_0/gallery_5f68a81ee1916.jpg.list
1098,https://image.msscdn.net/data/estimate/685185_0/gallery_60dbdfa6ce913.jpg.list
1099,https://image.msscdn.net/data/estimate/685185_0/gallery_603310bb5b952.jpg.list
1100,https://image.msscdn.net/data/estimate/685185_0/gallery_5fcd97f4c0881.jpg.list
1101,https://image.msscdn.net/data/estimate/685185_0/gallery_5fc04b1356329.jpg.list
1102,https://image.msscdn.net/data/estimate/685185_0/gallery_61090ee15b8ea.jpg.list
1103,https://image.msscdn.net/data/estimate/685185_0/gallery_5fb3b888d701e.jpg.list
1104,https://image.msscdn.net/data/estimate/685185_0/gallery_6059a7f576c76.jpg.list
1105,https://image.msscdn.net/data/estimate/685185_0/gallery_5fbcf2905eace.jpg.list
1106,https://image.msscdn.net/data/estimate/685185_0/gallery_5fbaa7e79fb46.jpg.list
1107,https://image.msscdn.net/data/estimate/685185_0/gallery_5fea8abb92d61.jpg.list
1108,https://image.msscdn.net/data/estimate/685185_0/gallery_5f660e1444d1b.jpg.list
1109,https://image.msscdn.net/data/estimate/685185_0/gallery_5fb13f258d88c.jpg.list
1110,https://image.msscdn.net/data/estimate/685185_0/gallery_5fe2f9e566ebb.jpg.list
1111,https://image.msscdn.net/data/estimate/685185_0/gallery_607943f86f2df.jpg.list
1112,https://image.msscdn.net/data/estimate/685185_0/gallery_5f5ec9246c57b.jpg.list
